:020000040800F2
:1000000040150020C50200086F520008F3480008A0
:100010006D52000809170008D15F000800000000B9
:100020000000000000000000000000007D540008F7
:100030008717000800000000715200088154000872
:10004000DF020008DF020008DF020008DF0200080C
:10005000DF020008DF020008DF020008DF020008FC
:1000600089170008DF020008DF020008DF0200082D
:10007000DF0200083917000845170008511700086B
:10008000DF020008DF020008DF020008DF020008CC
:10009000C55F0008DF020008DF020008DF02000879
:1000A000DF020008DF020008DF020008DF020008AC
:1000B000DF020008DF020008DF020008DF0200089C
:1000C000DF020008DF020008DF020008DF0200088C
:1000D000DF020008A15F0008AD5F0008B95F0008FB
:1000E000DF020008DF020008DF020008DF0200086C
:1000F000DF020008DF020008DF020008DF0200085C
:10010000DF020008DF020008DF020008DF0200084B
:10011000DF020008315B00087D5A0008895A000898
:10012000DF020008DF020008DF020008DF0200082B
:1001300000F002F800F06AF80AA090E8000C82448F
:100140008344AAF10107DA4501D100F05FF8AFF26C
:10015000090EBAE80F0013F0010F18BFFB1A43F0A5
:1001600001031847789F0000989F00000A444FF051
:10017000000C10F8013B13F0070408BF10F8014B06
:100180001D1108BF10F8015B641E05D010F8016B4B
:10019000641E01F8016BF9D113F0080F1EBF10F8AF
:1001A000014BAD1C0C1B09D16D1E58BF01F801CBD2
:1001B000FAD505E014F8016B01F8016B6D1EF9D555
:1001C0009142D6D37047000000230024002500266A
:1001D000103A28BF78C1FBD8520728BF30C148BFAA
:1001E0000B607047662907F04F86642900F0AC80E9
:1001F000002070471FB500F0DBFC04000020002148
:1002000007F06AFCE0601FBD10B510BD00F0D4FD22
:100210001146FFF7EFFF06F035FE00F0F2FD03B4E4
:10022000FFF7F2FF03BC00F035FE0000224B196817
:100230000868B0E8F00F80F30988BFF36F8F4FF0C4
:10024000000080F311884EF00D0E70470000000092
:1002500006480068006880F3088862B661B6BFF39C
:100260004F8FBFF36F8F00DF00BF00BF08ED00E0CE
:10027000EFF30980BFF36F8F0F4B1A6820E9F00F7F
:10028000106008B54FF0BF0080F31188BFF34F8FA7
:10029000BFF36F8F07F018FB4FF0000080F3118859
:1002A000BDE8084019680868B0E8F00F80F30988D5
:1002B000BFF36F8F704700BF48010020EFF3058048
:1002C000704700000948804709480047FEE7FEE7FD
:1002D000FEE7FEE7FEE7FEE7FEE7FEE7FEE7FEE7F6
:1002E00004480549054A064B7047000013550008AD
:1002F00031010008400F002040150020401100206F
:10030000401100200FB4044910B503AA029800F070
:100310003DFC10BC5DF814FB3C0000200FB41CB584
:10032000084B06AA7B4469460090059800F015FC2E
:1003300004460020694600F023FC20461CBC5DF802
:1003400014FB0000590800002DE9F0410646002486
:1003500010687529314616A510D0AFF3008000282B
:1003600002DA404213A507E031688A0701D512A5D9
:1003700002E0490704D511A5012401E0AFF3008094
:1003800000210A2206F1240709E0B0FBF2FCB0FBD1
:10039000F2F302FB1C00303078541846491C002848
:1003A000F3D123462A463046BDE8F04100F067B954
:1003B000000000002D0000002B00000020000000C5
:1003C0002DE9F05F894604464FF0000ADFF824B1BA
:1003D000FB44C0F820A02046E168884700287DD073
:1003E000252806D0D4E901219047206A401C2062CC
:1003F000F1E700255F462046E16888472028064649
:1004000007DB312E05D2B81910F8200C08B10543CE
:10041000F1E7A80701D525F00405C4F81CA00027C2
:10042000C4F818A02A2E09D0304605F0F6FD38B3DE
:1004300004EB8708303EC8F8186019E059F8041B2F
:10044000204604EB87029161E1688847012F064648
:1004500018D1E069002820DA25F020051DE0D8F841
:10046000180000EB800006EB40003038C8F8180098
:100470002046E1688847064605F0CFFD0028EED10A
:10048000012F0AD02E2E08D12046E16888477F1C14
:100490000646022F45F02005C4DBA069002803DAD8
:1004A000404245F00105A061E80701D025F01005A4
:1004B000A6B1A6F14100192802D8203645F40065FE
:1004C0004A463146204625604D46FFF78BFE60B117
:1004D000012807D0ED1D25F0070000E007E000F13E
:1004E000080978E705F1040975E730467AE7206ADC
:1004F000BDE8F09F629C0000032A40F2308010F0BB
:10050000030C00F0158011F8013BBCF1020F6244AE
:1005100098BF11F801CB00F8013B38BF11F8013B3F
:10052000A2F1040298BF00F801CB38BF00F8013BEC
:1005300011F0030300F02580083AC0F0088051F85C
:10054000043B083A51F804CBA0E80810F5E7121D67
:100550005CBF51F8043B40F8043BAFF30080D20786
:1005600024BF11F8013B11F801CB48BF11F8012B52
:1005700024BF00F8013B00F801CB48BF00F8012B75
:10058000704710B5203AC0F00B80B1E81850203AFF
:10059000A0E81850B1E81850A0E81850BFF4F5AF23
:1005A0005FEA027C24BFB1E81850A0E8185044BFAD
:1005B00018C918C0BDE810405FEA827C24BF51F81A
:1005C000043B40F8043B08BF7047D20728BF31F80E
:1005D000023B48BF11F8012B28BF20F8023B48BF5F
:1005E00000F8012B70474FF000020429C0F0128080
:1005F00010F0030C00F01B80CCF1040CBCF1020FD6
:1006000018BF00F8012BA8BF20F8022BA1EB0C01AA
:1006100000F00DB85FEAC17C24BF00F8012B00F8A0
:10062000012B48BF00F8012B70474FF0000200B5C6
:10063000134694469646203922BFA0E80C50A0E805
:100640000C50B1F12001BFF4F7AF090728BFA0E8B3
:100650000C5048BF0CC05DF804EB890028BF40F87F
:10066000042B08BF704748BF20F8022B11F0804FC1
:1006700018BF00F8012B70477047704770472DE98D
:10068000F0470D4699469246044600F12408016859
:10069000880604D5E06921F01001216000E0012006
:1006A000A84201DD471B00E00027A1697A1902EB8F
:1006B0000900081AA0612078C00602D42046AFF3D2
:1006C0000080002608E0D4E901211AF806009047CE
:1006D000206A401C761C20624E45F4DB2078C00660
:1006E0000AD52046AFF3008006E0D4E9012130208E
:1006F0009047206A401C2062381EA7F10107F4DCF5
:1007000007E0D4E9012118F805009047206A401C51
:100710002062281EA5F10105F3DC2046AFF300801E
:100720002078000602D50220BDE8F0870120FBE713
:1007300070472DE9FF4F0C461E464FF0FF378BB038
:10074000D2E90001DDF860800A908A46C1F30A55BB
:1007500005B93D46002108464FF00000BAF1000FF0
:1007600000F4400005DA00EB80004FF4400101EA9C
:1007700050004FEA9059B9F1010F00DDB9460A98CF
:1007800050EA4A000ED044F61050A5F2FF3545431A
:100790002F14B8F1000F1ED07542291E1EDDC9F1BD
:1007A00000021CE0B8F1010F4FF0000001D0302131
:1007B00003E0F24305E02154401CB042FBDB30462D
:1007C0000022002121540B99C1F80880C1E90020C2
:1007D0000FB0BDE8F08FBD1B6D1CDEE74A4600DAA6
:1007E000694206A800F06EFA06AB93E8070003AB77
:1007F00083E8070050460A9900F053FB8DE8070094
:10080000A0F500501F3800900398002D0ADD42F239
:100810001F014A460844002303A90390684600F0DC
:10082000BCFD09E0A0F500504A461F38002303A98B
:100830000390684600F0C6FD8DE807000004000C38
:1008400003D04FF0FF30410800E01046B8F1000F30
:1008500003D00022009215461EE0751E05D400F05C
:10086000ABF9303262556D1EF9D5B346012208430B
:1008700002D000227F1C04E02078302801D1002221
:100880007F1E002A099784D01DE0112D07DA00F0A1
:1008900093F9303262556D1C50EA0102F5D10843DC
:1008A00002D00098C8B10EE00021681E05E0235C6C
:1008B000625C63542254401E491C8142F7DBAB4604
:1008C000A81B401E0990002004F80B000B98099A01
:1008D000C0F80880C0E9002B7AE711264FF0000825
:1008E00057E72DE9F04F88460446D21D22F0070154
:1008F00091B0D1E90001CDE90A0105F06AFB024699
:100900000B98C00F01D02D2007E02068810701D58A
:100910002B2002E0202101EAC000032A099001D027
:10092000072A05DB03464146204600F08BF90BE120
:100930002078800601D5E06900E00620B8F1650F57
:10094000814606D0B8F1660F18D0B8F1670F70D1A4
:1009500031E00020B9F1110F009001DB112301E01B
:1009600009F101030AAA01A90CA8FFF7E2FEDDE9DB
:100970000C70002609F10105834647E001204B4633
:1009800000904FF000470AAA01A90CA8FFF7D1FE7A
:10099000DDE90DB00C995D46002610B909F10100A2
:1009A0000D18B9EB050003D4C0F1FF3609F10105BC
:1009B000A5EB09002BE0B9F1010F01DA4FF00109B5
:1009C0000020B9F1110F0090484601DD112300E02D
:1009D00003460AAA01A90CA8FFF7ABFEDDE90C70DB
:1009E0004D4600268346207800070AD4AB4500DA3E
:1009F0005D4601A8012D04DD411911F8011C3029C3
:100A000007D04F4502DA17F1040F04DA01208246BD
:100A10000FE06D1EEEE7002F02DCED1B3E4403E00D
:100A2000781CA84200DD7D1CB81B00F1010A4FF0C4
:100A300000472078000703D4AA4501DB4FF0FF3AB6
:100A40000021B7F1004F0DF143088DF8431024D079
:100A500002202B23002F01DA7F422D230A21021EC0
:100A6000A0F1010000DC5FB197FBF1FC97FBF1F214
:100A700001FB1C7C17460CF1300C08F801CDEEE7A9
:100A8000A8F1010003702188090501D5452100E086
:100A90006521A0F1010800F8011C09980FA9A1EB3C
:100AA0000807FF1D00B10120411901EBEA70A1699F
:100AB0003844081A401EA0612078C00602D420469F
:100AC000AFF30080099828B1D4E901219047206A4A
:100AD000401C20622078C00622D52046AFF300805B
:100AE0001EE0002E04DBB34502DD01A8805D00E0BE
:100AF0003020D4E901219047206A401C2062761CF6
:100B0000AAF101005FEA000A0AD100F051F8C068BA
:100B10000168405CD4E901219047206A401C2062B2
:100B2000281EA5F10105DCDC07E0D4E9012118F855
:100B3000010B9047206A401C2062381EA7F1010774
:100B4000F3DC2046AFF30080032011B041E6000043
:100B500001694A1C02610878704700B58FB0CDE981
:100B600001310021059105497944CDE90310114671
:100B70006846FFF725FC0FB000BD0000E5FFFFFF52
:100B80000A6802F8010B0A6070470000074B70B555
:100B90000D467B44FFF7E1FF0446284600F004F9C8
:100BA00010B14FF0FF3070BD204670BD935F000064
:100BB00000487047FC0E002030B5B0F10A024FEA41
:100BC000900E71F100034EEA817EB0EB0E0061EBF6
:100BD00091014FEA101E4EEA017E10EB0E0041EB30
:100BE00011114FEA102E4EEA016E10EB0E0041EB90
:100BF00011214FEA104E4EEA014E10EB0E0041EB70
:100C00001141401841F100014FEAD00040EA417023
:100C10004FEAD10110EB80054FEA810444EA907459
:100C200044EB01046D1944EB0404521BA3414FF043
:100C3000000348BF0A3200D530BD401C41F100011D
:100C400030BD00002DE9F0411F460446032601682F
:100C5000072A01F4006004DB08B116A505E016A51B
:100C600003E008B115A500E015A521F010002060F3
:100C7000A069C01EA0610FB1401EA0612046AFF365
:100C800000804FB1D4E9012138469047206A401CCA
:100C90002062C01C206206E0206AFAE7D4E9012144
:100CA00015F8010B9047761EF8D22046AFF300806E
:100CB000BDE8F0814E414E006E616E00494E460027
:100CC000696E66002DE9F047814616468AB03548C0
:100CD00078440DC88DE80D0032487844801C03AC80
:100CE0000DC884E80D0041F69B300844372190FB85
:100CF000F1F290FBF1F5A5F1800501FB12041B3C1C
:100D000002D56442012000E00020DFF898A0804670
:100D10000027FA44AAF1BE0A0EE0E0070AD03246E4
:100D2000684607EB470101230AEB810100F04AFB0B
:100D30008DE8070064107F1C002CEED1194F7F4412
:100D4000AE3F19E0E80715D007EB04100DF1180AC3
:100D500090E80E008AE80E00C068F04201D19819B0
:100D600008903246012306A903A800F02BFB03AB31
:100D700083E807006D10641C002DE3D14FF00103E0
:100D800032466946B8F1000F03A802D000F005FB17
:100D900001E000F017FBC9E90001C9F808200AB01A
:100DA000BDE8F087F0930000007B00F08000704702
:100DB00000487047DC0E00207546FFF7F9FFAE468D
:100DC00005006946534620F00700854618B020B557
:100DD000FFF786FABDE820404FF000064FF000070D
:100DE0004FF000084FF0000B21F00701AC46ACE8D3
:100DF000C009ACE8C009ACE8C009ACE8C0098D4640
:100E0000704710B50446AFF300802046BDE810409F
:100E1000FFF705BA4FF0013C50F8042B51F8043BA2
:100E20009A4221D1A2EB0C03934313EACC1317D1BE
:100E300050F8042B51F8043B9A4215D1A2EB0C0355
:100E4000934313EACC130BD150F8042B51F8043B15
:100E50009A4209D1A2EB0C03934313EACC13DBD0E3
:100E60004FF00000704700BFD01A01BAB1FA81F10B
:100E700001F0180122FA01F0CB40C1F12001DBB2F0
:100E8000C0B2C01A2CFA01F3D11A914311EAC3116E
:100E9000E6D1704701491820ABBEFEE726000200EC
:100EA00070475FEA400C08BF91F0000F4FEA8C23B7
:100EB0004FEAC12243EA51514FEA1C5018BF00F5D6
:100EC000F0404FEA300018BF41F000415FEA6C5C2F
:100ED00000F02980BCF1FF3F08BF40F08040704720
:100EE000130C06BF12044FF0100C4FF0000C130E41
:100EF00004BF12020CF1080C130F04BF12010CF115
:100F0000040C930F04BF92000CF1020CD30F04BF2A
:100F100052000CF1010C11464FF00002A0F11F002D
:100F2000A0EB0C00704711F0004F08BF704731F084
:100F300000413FF4D5AF0B0C06BF09044FF0100C75
:100F40004FF0000C0B0E04BF09020CF1080C0B0F44
:100F500004BF09010CF1040C8B0F04BF89000CF1D4
:100F6000020CCB0F04BF49000CF1010CCCF12003A3
:100F7000A0EB0C0022FA03F302FA0CF241EA03019F
:100F800000F10100704720F07F4C80EA030023F05D
:100F90007F47ACEB070303F57C5300F0004003F1FF
:100FA000FF032DE980494FEA154B09B44FEA14437A
:100FB00025EA0B4E24EA03480FF2042606EB13271A
:100FC00049083E785FEA320203FB0667C7F500076F
:100FD00007FB06F64FEA54374FEAD64606F10206FB
:100FE00007FB066CCCF1005C4FEA1C472CEA074C6F
:100FF00007FB06F40CFB06F504EB15464FEA9616C4
:1010000034BF00204FF000404FEAD13706FB07FC09
:101010004FEA1C4C0CFB0BF7D21B03FB0CF761EBEC
:1010200007010CFB0EF7B0EB074072EB17420CFB0D
:1010300008F734BFA2EB0742B2EB074261EB17415E
:101040004FEA0C444FEA910706FB07FC4FEA1C4CA1
:101050000CFB0BF7B0EBC74072EB573203FB0CF7FE
:1010600034BFA2EBC742B2EBC74261EB57310CFB76
:101070000EF7B0EBC70072EB57720CFB08F734BFEA
:10108000A2EBC702B2EBC70261EB5771039F4FEAB5
:10109000816141EA921104EBCC044FEAD1374FEA67
:1010A000826206FB07FC42EA90124FEA80604FEA38
:1010B0001C4C0CFB0BF7D21B03FB0CF761EB07017D
:1010C0000CFB0EF7B0EB074072EB17420CFB08F776
:1010D00034BFA2EB0742B2EB074261EB17414FEA84
:1010E0008C554FEA910704EB9C2406FB07FC4FEA62
:1010F0001C4C0CFB0BF7B0EBC74072EB573203FBF9
:101100000CF734BFA2EBC742B2EBC74261EB5731D9
:101110000CFB0EF7B0EBC70072EB57720CFB08F735
:1011200034BFA2EBC702B2EBC70261EB577115EBFC
:101130004C254FEA816141EA92114FEA82624FEAFF
:10114000D13742EA901206FB07FC44F100044FEA53
:1011500080604FEA1C4C0CFB0BF7D21B03FB0CF717
:1011600061EB07010CFB0EF7B0EB074072EB174287
:101170000CFB08F734BFA2EB0742B2EB074261EB6E
:10118000174115EB1C154FEA813141EA92414FEAB4
:10119000823242EA90424FEA80304FEA0C7644F1C4
:1011A000000448EA03434EEA0B484FF0000EB2EB4E
:1011B000080C71EB030724BF624639464EEB0E0E56
:1011C0004FF0000B0018524149414BEB0B0BB2EBB7
:1011D000080C71EB03077BF1000B24BF6246394614
:1011E0004EEB0E0E4FF0000B0018524149414BEBF5
:1011F0000B0BB2EB080C71EB03077BF1000B24BF68
:10120000624639464EEB0E0E51EA020718BF46F011
:10121000010616EB0E7655F1000254F1000103D5DC
:10122000BDE88901BDE80088BDE88901BDE8004846
:10123000B619524141EB0101A3F1010370478080CF
:101240007F7E7D7C7B7A7978777676757473727120
:1012500071706F6E6E6D6C6C6B6A6A6968686766D8
:1012600066656464636362616160605F5F5E5E5D6A
:101270005D5C5C5B5B5A5A595958585757565655DE
:1012800055555454535352525251515050504F4F40
:101290004F4E4E4D4D4D4C4C4C4B4B4B4A4A4A4990
:1012A00049494848484747474746464645454544D3
:1012B0004444444343434342424242414141002B60
:1012C0009C4630D477002BD01CB54FEA370703B4C7
:1012D0004FF010004FF01001BAF1000F06D0BCF132
:1012E000000FDCBF40F0080040F008014FF00000A4
:1012F0000FBCBDE810400BF1010BBBF1010F08BFA3
:101300005FEA170722BF12F1010211F101014FF04C
:10131000004143F1000300F0004043EA0000704741
:10132000F9D35708D0E746EA064613F1400F4FEAD3
:1013300016461FDD13F1200FDFBF16430A460021BA
:1013400020335B42BED0C3F1200746EA064602FACC
:1013500007F74FEA164646EA0706C3F1200722FAC6
:1013600003F201FA07F721FA03F14FF0000342EA12
:101370000702A7E746EA020646EA06464FEA16468D
:1013800046EA0106BCBF46EA0646360C4FF00003AB
:101390004FF000024FF0000194E72DE9804C9A468F
:1013A000934670B491E8380007C831EA400C48BF52
:1013B00034EA430C03D5FFF7E6FDFFF780FFF0BCEE
:1013C000BDE8008C2DE9804C9A46934670B491E8B4
:1013D000380007C810F0804F08BF13F0804F03D1CA
:1013E00000F005F8FFF76BFFF0BCBDE8008C20F0C3
:1013F0007F4780EA030023F07F4C07EB0C03A3F543
:101400007C5300F00040A3F1FE0392F0000F00F0C7
:10141000B38095F0000F00F077802DE901494FEA85
:1014200011404FEA144621EA004800FB06FC24EA7A
:10143000064708FB06F607FB08F800FB07F718EB62
:1014400006484CEB164C4FEA124B18EB07484FEA94
:1014500015464CEB174022EA0B4E0BFB06FC25EA27
:1014600006470EFB06F607FB0EFE0BFB07F71EEB0F
:10147000064E4CEB164C4FF000061EEB074E4CEBA5
:10148000174B18EB0B0840F1000018EB0E0B58EB54
:10149000000840F100008F1A4FF000013CBFC94323
:1014A000661B14BFB5EB040C00213CBFC943F61BFF
:1014B0004FEA17444EEA8E0E27EA04454FEA1C47CE
:1014C00004FB07622CEA074C05FB07F70CFB05F64B
:1014D00004FB0CFC16EB074642EB174216EB0C46DE
:1014E00042EB1C421BEB060658EB0202414146EA66
:1014F0009E0601D5BDE80189B619524141EB0101B3
:10150000A3F10103BDE801894FEA14454FEA1147F1
:1015100024EA054621EA074C05FB07F406FB07F71A
:101520000CFB06F105FB0CFC11EB074144EB1744E7
:101530004FEA124711EB0C4144EB1C4422EA074CE2
:1015400005FB07F206FB07F70CFB06F605FB0CFC98
:1015500016EB074642EB174216EB0C4642EB1C45D6
:101560006A1854F1000148BF7047B619524141EB67
:101570000101A3F10103704795F0000F37D04FEA46
:1015800011424FEA144721EA024624EA074C02FBC3
:1015900007F106FB07F70CFB06F402FB0CFC14EB4F
:1015A000074441EB17414FEA154714EB0C4441EB5C
:1015B0001C4125EA074C02FB07F506FB07F70CFB6D
:1015C00006F602FB0CFC16EB074645EB174516EB3F
:1015D0000C4645EB1C42121951F1000148BF7047FF
:1015E000B619524141EB0101A3F1010370474FEAE3
:1015F00014454FEA114724EA054621EA074C05FB4A
:1016000007F106FB07F70CFB06F24FF0000605FB9F
:101610000CFC12EB074241EB174112EB0C4251EB71
:101620001C4148BF7047921841EB0101A3F101032F
:101630007047000070B5044600688168C943C90757
:1016400017D1816821F00101816001F09FF9054601
:101650000AE000BF01F09AF9401B022804D9206873
:101660008068C043C00706D020688068C043C007B8
:10167000F0D0002070BDA06A40F01000A062E06AC7
:1016800040F00100E062012070BD0000F8B50026C6
:101690000446009600688168C943C9072DD0816857
:1016A00041F001018160164816490068B0FBF1F075
:1016B00000E0401E00900028FBD101F067F90546CC
:1016C00016E000BF01F062F9401B022810D9206823
:1016D0008068C043C0070BD0A06A40F01000A06231
:1016E000E06A40F00100E06284F824600120F8BD67
:1016F00020688068C043C007E4D10020F8BD000026
:101700004401002040420F00FEE700001CB501AB81
:101710008DF8001006498DF801206A460860002007
:101720008860C86002200861024800F0E3F91CBD2F
:10173000480A0020200A0020014800F023BE0000D3
:101740002C0B0020014800F01DBE0000700B002093
:10175000014800F017BE0000B40B002030B590F82F
:1017600040500124AC40C56B6C6004686360436802
:10177000102B036803D099600068C26030BD9A6086
:101780000068C16030BD7047042000F0E5BF72B64C
:10179000FEE70000F8B50024009490F824202546C8
:1017A000012A12D0012280F824204A681F23072A28
:1017B0000DD20668776B521E02EB820293409F4364
:1017C0000B6893401F43776319E00220F8BD066859
:1017D0000D2A0AD2376BD21F02EB820293409F433D
:1017E0000B6893401F43376309E0F76A0D3A02EB39
:1017F000820293409F430B6893401F43F7620A683D
:10180000072306680A2A0AD3F7680A3A02EB42025B
:1018100093409F438B6893401F43F76008E037690C
:1018200002EB420293409F438B6893401F43376112
:101830000A68102A01D0112A20D1124B02689A425C
:1018400017D193681B0219D4936843F40003936083
:101850000968102912D10C490C4A0968B1FBF2F150
:1018600001EB8101490000E0491E00910029FBD1F4
:1018700004E0816A41F020018162012480F8245053
:101880002046F8BD002401404401002040420F00E2
:101890000068C06C704700002DE9F04104004FF073
:1018A00000057FD0A06A002628B9E66284F824608B
:1018B000204600F081F82046FFF7BCFEA16AC90669
:1018C00000D420B1A06A40F01000A0626AE0A16AD2
:1018D00021F4885141F00201A162334923688B420F
:1018E000E16904D1B1F5402F01D14FF40021277BEC
:1018F0004FF4807C41EA470261680A43A168614570
:1019000008D0012906D0002194F814E0BEF1010F9F
:1019100002D00AE06146F7E7C7B1A76A47F020079F
:10192000A762E76A47F00107E7625F6827F4694743
:101930000F435F60236899681C4F394011439960D9
:10194000A16861450BD0012909D00CE0DFF860E007
:10195000A7690EEB47370F4347F40061E5E7218A9B
:101960000D05A5F580152168CB6A23F470032B4380
:10197000CB62216889680F4B1940914208D1E66219
:10198000A16A21F0020141F00101A162BDE8F081EC
:10199000A06A20F0020040F01000A062E06A40F06F
:1019A0000100E0620120F1E7003C0140FDF7E1FFAA
:1019B00000E0FFFFFE0E1FFF00B585B00021009183
:1019C00001910291039100680E49884218D10E4896
:1019D000816941F400718161816901F400710491B0
:1019E000816941F0100181618069694600F0100051
:1019F00004900120009003200190044800F0B8FEFC
:101A000005B000BD0024014000100240001001405C
:101A100070B5044690F8240001280DD0012084F808
:101A200024002046FFF732FE02004FF0000005D0F0
:101A300084F82400104670BD022070BDA16A40F2F7
:101A40000123994341F48071A1621F4D23681F490E
:101A5000AB4218D10E6816F4702F14D0A66A46F463
:101A60008016A6620E68760505D5A66A26F400568D
:101A700046F48056A662A66AF6040AD5E66A26F0FF
:101A80000606E66206E0A66A26F48016A6625E688E
:101A9000E9E7E06284F824006FF002001860206833
:101AA0008368C3F34243072B05D1A84208D10968D4
:101AB00011F4702F04D0816841F480118160B9E77E
:101AC000816841F4A001F9E70028014004240140A5
:101AD00090F82020012A07D0022A05D0416A41F45B
:101AE0008021416201207047006842690A434261D7
:101AF00000207047F0B590F820500468A468012DCC
:101B000005D0022D03D0416A41F4802163E014F036
:101B1000406F01D1E5005BD5650101D5002408E0E7
:101B2000250101D5012404E0E40001D5022400E0F0
:101B300003240125A5401D608D684FF4C073A5B135
:101B4000CE6835434E6845EAC60500BF066803EB1C
:101B50000417F5514FF4C275076805EB04150E69BB
:101B60007E51097D012905D009E00E88CD6845EA3E
:101B70004655EBE701684E5946F480764E5111798F
:101B8000D579567941EA056195792D0445EA06250E
:101B900029434FF4C676056806EB0416A95111785F
:101BA000D57841EA0561957852782D0445EA0222FC
:101BB00011434FF4C475026805EB041551510068D8
:101BC00003EB0411425842F0010242500020F0BDE4
:101BD000416A41F4001141620120F0BD10B590F856
:101BE00020300268012B07D0022B05D0416A41F456
:101BF00080214162012010BDD2F8000240F00100B6
:101C0000C2F80002087D00F01F0301209840D2F8BE
:101C10001C328343C2F81C32CB69B3B9D2F80C3200
:101C20008343C2F80C328C894B6864F31F434C69C0
:101C300002EBC404C4F840320C890B6864F31F4300
:101C40004C6902EBC404C4F84432CB69012B16D1B1
:101C5000D2F80C320343C2F80C320C884B6864F3A0
:101C60001F434C6902EBC404C4F840320C89CB68B2
:101C700064F31F434C6902EBC404C4F844328B691B
:101C8000002BD2F804320FD053EA0003C2F804321A
:101C90000B69002BD2F8143208D00343C2F8143277
:101CA000096A012904D008E08343EFE78343F5E79D
:101CB000D2F81C120143C2F81C12D2F8000220F024
:101CC0000100C2F80002002010BD704770B590F806
:101CD0002040012C05D0022C03D0416A41F4802120
:101CE00028E0046809B32469A40720D04FF4D8740D
:101CF000056804EB01142D5915F00405956005687D
:101D00002D591AD0ED08556005682C5904F00204CD
:101D1000D4604FF4DA74056804EB01142E5906F010
:101D20000F06082E0CD308250DE0E468DCE7416AB5
:101D300041F400114162012070BD6D0D1560E3E7B3
:101D40002D5905F00F05156105682D59C5F30725B7
:101D5000956105682C59240C54614FF4DC720468B9
:101D600002EB0112A4581C700468A458240A5C7089
:101D70000468A458240C9C700468A258120EDA70EF
:101D80004FF4DE72046802EB0112A4581C7104685F
:101D9000A458240A5C710468A458240C9C7104683B
:101DA000A258120EDA71006829B1016941F02001D0
:101DB0000161002070BDC16841F02001C160F8E7F9
:101DC0002DE9F05F0546006800244669D0F80490CC
:101DD0008768D0F80CB0D0F810A0D0F81880F107C0
:101DE00048D0F90714D001218160B80703D52846EF
:101DF00000F007FA0CE0780702D54FF4006407E022
:101E0000380702D54FF4805402E0284600F0F8F974
:101E1000F80516D529684FF480708860B80503D599
:101E2000284600F0F0F90CE0780502D544F400549F
:101E300007E0380502D544F4804402E0284600F06B
:101E4000E1F9F80316D529684FF480308860B803AB
:101E500003D5284600F0D9F90CE0780302D544F404
:101E6000004407E0380302D544F4803402E02846F9
:101E700000F0CAF9300707D55FEACB6004D52968BE
:101E8000102044F40074C86070074FF0080707D5AD
:101E90005FEA0B7004D52868C760284600F060F937
:101EA000B00706D52868C068800702D0284600F031
:101EB00059F9700607D55FEACA6004D52968102071
:101EC00044F480640861B00607D55FEA0A7004D55F
:101ED00028680761284600F063F9F00606D52868EF
:101EE0000069800702D0284600F05BF9B00308D5EE
:101EF0005FEAC96005D5296810204860284600F0CF
:101F000051F9F00307D55FEA097004D528684760E6
:101F1000284600F07BF9300446D55FEA497040D589
:101F2000F00504D55FEAC87001D044F00104B005A3
:101F300004D55FEA887001D544F00204700504D529
:101F40005FEA487001D544F00404300529D518F043
:101F5000700F26D008F07000402815D006DC10283D
:101F600009D020280AD0302816D10AE050280ED0F7
:101F7000602811D10EE044F008040DE044F0100494
:101F80000AE044F0200407E044F0400404E044F098
:101F9000800401E044F480742868816921F07001B4
:101FA0008161296804204860002C05D0686A2043BC
:101FB00068622846FFF789FEBDE8F09F70B504000F
:101FC00003D094F8200010B109E0012070BD204634
:101FD00000F088F82068016821F0020101602068A3
:101FE000016841F00101016000F0D0FC05460526C2
:101FF00005E000BF00F0CAFC401B0A2811D8206889
:102000004068C007F6D02068016821F00201016035
:1020100000F0BCFC05460BE000F0B8FC401B0A28B1
:1020200006D9606A40F40030606284F82060CCE732
:10203000206840688007EFD4207E0128206801686E
:102040003DD021F080010160607E01282068016898
:1020500038D021F040010160A07E0128206801688D
:1020600033D021F020010160E07E01282068016862
:102070002ED041F010010160207F01282068016806
:1020800029D021F008010160607F012820680168E3
:1020900024D021F004010160D4E902010843D4E90D
:1020A0000412114308436168491E08432168C8614E
:1020B00000206062012084F82000002070BD41F003
:1020C0008001C0E741F04001C5E741F02001CAE7C7
:1020D00021F01001CFE741F00801D4E741F00401FD
:1020E000D9E7000010B586B000210091019102915E
:1020F00003910068174988422AD11748C16941F005
:102100000071C161C16901F000710491816941F000
:10211000040181618069114C00F0040004904FF4C7
:10212000006000906946204600F022FBA014009059
:1021300002200190032003906946204600F018FB1E
:1021400000221146142000F047FF142000F036FF53
:1021500006B010BD006400400010024000080140BD
:102160007047000010B50A4A016891420ED1094B30
:10217000094A0021FFF7AAFD002807D106480549B2
:102180000268BDE81040054804F0B9BB10BD00006E
:102190000064004028010020600A00208401002023
:1021A000704770477047000070B5044690F82000F3
:1021B000012804D0606A40F40020606218E0022028
:1021C00084F820002068016821F00101016000F01E
:1021D000DDFB05460EE000BF00F0D8FB401B0A28DF
:1021E00008D9606A40F400306062052084F820005D
:1021F000012070BD20684068C007EDD1606270BDED
:10220000704770477047704770477047704710B508
:1022100090F821100022022905D00421816380F862
:102220002020012010BD01680B6823F00E030B6015
:1022300001680B6823F001030B6090F84030C46B19
:10224000012101FA03F3636080F8211080F8202057
:10225000104610BD2DE9F05F90F8211000240229EE
:1022600003D004218163012485E001680A6822F01B
:102270000E020A6001680A6822F001020A603F4EFD
:102280003E4FB215DFF8F4C0DFF8F090DFF8ECA0B5
:10229000DFF8E8B0DFF8E4E00168783F13011502E9
:1022A000ACF1640CA9F15009AAF13C0AABF1280B7E
:1022B000AEF1140E4FF48018B14227D9B9420ED0B6
:1022C000614512D049451DD0514518D0594518D007
:1022D000714501D1424615E0294EB14201D101229A
:1022E00010E0274E1436B14201D110220AE0244EEC
:1022F0002836B14206D0224A3C32914201D11A46D8
:1023000000E02A461E49091F0A602BE0B94213D09B
:10231000614517D0494522D051451DD059451DD0A2
:10232000714501D142461AE0B14202D14FF08072AC
:1023300015E0134EB14201D1012210E0104E1436C7
:10234000B14201D110220AE00D4E2836B14206D02A
:102350000B4A3C32914201D11A4600E02A46074915
:1023600080394A60012180F82110002180F8201076
:10237000416B01B188472046BDE8F09F80000240D4
:10238000080402402DE9F05FC16B0A6801680B6820
:10239000046C4FF0040808FA04F8844D844E854F0D
:1023A000DFF814C2DFF81492DFF814A2DFF814B2D9
:1023B000DFF814E218EA020F65D05FEA437862D5CD
:1023C0000A68920603D40A6822F004020A60DFF861
:1023D000F0814FF48062016808F1140813011402BF
:1023E000414524D9A9420DD0B1420FD0B9421AD0EB
:1023F000614515D0494515D0514501D1120312E070
:10240000594501D104220EE0714501D140220AE074
:102410006D4D1435A94206D06B4A2832914201D144
:102420001A4600E022466749091F0A6029E0A942CE
:1024300013D0B14215D0B94220D061451BD04945D7
:102440001BD0514502D14FF4800217E0414502D123
:102450004FF0806212E0594501D104220EE071452F
:1024600001D140220AE0584D1435A94206D0564AFF
:102470002832914201D11A4600E022464B490839E0
:102480004A60C16A71E04FF0020808FA04F818EADD
:10249000020F70D05FEA83786DD50A68920606D481
:1024A0000A6822F00A020A60012180F82110DFF890
:1024B00010814FF40072016808F11408130114022E
:1024C000414524D9A9420DD0B1420FD0B9421AD00A
:1024D000614515D0494515D0514501D1120312E08F
:1024E000594501D102220EE0714501D120220AE0B6
:1024F000354D1435A94206D0334A2832914201D1D4
:102500001A4600E022462F49091F0A6029E0A94225
:1025100013D0B14215D0B94220D061451BD04945F6
:102520001BD0514502D14FF4001217E0414502D1B2
:102530004FF0007212E0594501D102220EE07145C0
:1025400001D120220AE0204D1435A94206D01E4AAE
:102550002832914201D11A4600E022461349083937
:102560004A60002180F82010816A00291CD0BDE853
:10257000F05F0847FFE70825A540154214D01A0769
:1025800012D50A6822F00E020A6090F84020C36B50
:10259000012101FA02F25A60816380F821100021C2
:1025A00080F82010016BE0E7BDE8F09F08000240D2
:1025B0001C0002403000024044000240580002402B
:1025C0006C000240080402401C04024030B560B1B7
:1025D0001A4B026814219A4209D2194B1344B3FBD7
:1025E000F1F18900016417490AE0012030BD134B65
:1025F0005B421344B3FBF1F1890001640F490839D0
:10260000C163022180F82110136843F6F0718B43F7
:10261000F0E901142143D0E902452C432143046928
:1026200021434469214384692143194311600021F6
:102630004163012242770177084630BD0804024019
:10264000F8FFFDBF0000024070B5044690F820007E
:10265000002501280CD0012084F8200094F8216086
:102660000020012E06D084F820000225284670BDE7
:10267000022070BD022684F82160A06320680668ED
:1026800026F0010606602046FFF768F8E06A002899
:102690002068016802D041F00E0106E021F004013B
:1026A00001602068016841F00A010160206801684A
:1026B00041F001010160D9E770B5044600F066F908
:1026C0000546601C02D004480078044400F05EF91E
:1026D000401BA042FAD370BD380100202DE9F04123
:1026E000042820D1184D2868184C2169401A642804
:1026F00019D32868164F20610421384600F034F9B8
:10270000012690B100252571124801F03FFC607947
:1027100040B1E07888B100220821384600F031F954
:10272000E57065716562BDE8F081267128686061B9
:10273000BDE8F041074801F0F3BB0122082138460B
:1027400000F01FF9E670ECE74001002004000020D3
:10275000000C014090090020044910B50A680242AB
:1027600002D00860FFF7BAFF10BD0000140401405A
:102770002DE9F84FDFF8C8910024A9F1040B234696
:102780000F2709F1040AABF1040ED1E00125A540A1
:1027900006EA0502AA4276D1DFF8A8C14E68A6EB88
:1027A0000C0866452BD00DDC032E34D005DC36B387
:1027B000012E19D0022E2FD11BE0112E16D0122E71
:1027C0002AD119E0B8F5881F19D006DCB8F5803F8A
:1027D00015D0B8F5801F1FD111E0B8F5001F0ED03D
:1027E000B8F5041F18D10AE0CB6815E0CB681B1DB3
:1027F00012E0CB6808330FE0CB680C330CE08B6839
:102800002BB1012B4FF0080303D0456104E00423F2
:1028100002E0056100E00023FF2A01D8064601E03E
:1028200000F104064FEA840501D9A5F12005D6F888
:10283000008007FA05FC28EA0C0803FA05F548EAC7
:102840000508C6F800804D68ED0070D53E4DAE69B4
:1028500046F00106AE61AD6924F0030605F00105FE
:1028600000953A4D06EB050CDCF80850A607360F2C
:1028700007FA06F825EA0805DFF8D480404503D1B9
:102880004FF0000825E052E0DFF8C880404502D153
:102890004FF001081DE0DFF8C080404502D14FF045
:1028A000020816E0DFF8B480404502D14FF003087B
:1028B0000FE0DFF8AC80404502D14FF0040808E09B
:1028C000DFF8A080404502D14FF0050801E04FF04D
:1028D000060808FA06F848EA0508CCF808804D68AA
:1028E000D9F80060ED024D4601D5164300E096434D
:1028F0002E604D68DAF80060AD02554601D51643EA
:1029000000E096432E604D68DBF80060AD035D4645
:1029100001D5164300E096432E604D68DEF8006056
:10292000ED03754601D5164300E096432E60641C06
:102930000A681646E2407FF429AFBDE8F88F000030
:102940000804014000001110001002400000014086
:1029500000080140000C014000100140001401403B
:1029600000180140001C01408068084000D0012090
:102970007047C26821EA02030A4043EA024101614A
:1029800070470AB1016170470904FBE7014880689C
:10299000704700003801002070B5040025D094F87D
:1029A0003D00002520B984F83C50204600F07EFA16
:1029B000242084F83D002068016821F001010160B5
:1029C0002068016841F4004101602068016821F439
:1029D0000041016000F03EFC4D4A6168914201D81F
:1029E0004C4900E04C49884201D2012070BD4B495E
:1029F0002368B0FBF1F15E6826F03F060E435E608F
:102A00006368934206D94FF4967359434FF47A732F
:102A1000B1FBF3F12368491C1E6A26F03F063143DF
:102A200019626168914210D84900401EB0FBF1F272
:102A3000521CC2F30B02042A01D2042022E0B0FB94
:102A4000F1F0401CC0F30B001CE0A268F2B301EBF4
:102A5000C10303EB0116431EB3FBF6F35B1C43F407
:102A600080431B0549D092B301EBC10202EB011177
:102A7000401EB0FBF1F0401CC0F30B0040F480405E
:102A800040F400402168CA694CF6FF739A43104332
:102A9000C861D4E9071001432068026822F0C0022F
:102AA00011430160D4E9030101432068826848F2C0
:102AB000FF339A4311438160D4E90501084321683B
:102AC000CA6822F0FF021043C86001E00EE016E081
:102AD0002068016841F0010101602564202084F82C
:102AE0003D00256384F83E50002070BD01EB410697
:102AF000431EB3FBF6F35B1CB3E70120C2E701EB17
:102B00004101401EB0FBF1F0401CC0F30B00B7E7E1
:102B1000A086010080841E0000093D0040420F0095
:102B20002DE9FF4F83B00025DDE910799A469346E1
:102B30000446DDF848800095FFF728FF064694F824
:102B40003D0020287CD11923012288492046009687
:102B500001F0E6FF0028F5D194F83C0001286FD081
:102B6000012084F83C0020680168C90703D101688E
:102B700041F0010101602068016821F400610160F9
:102B8000222084F83D00402084F83E0025646762DE
:102B9000A4F82A90608D20857548E062CDE9008612
:102BA00053465A462046049901F0BCFE00287CD1C9
:102BB000208DDFF8C091202768B1012814D00228A9
:102BC000206801681ED041F480610160206841697D
:102BD00080690090BCE020684169816900910168CA
:102BE00041F400710160B3E02068016821F4806164
:102BF000016072B62068416981690091016841F401
:102C000000710AE041F40061016072B62068416918
:102C100081690091016821F48061016062B697E0EA
:102C2000032865D801280CD0022843464FF0000243
:102C30004946204600960BD001F072FFA8BB0CE07D
:102C400091E032464146204602F010F868BB72E03F
:102C500001F066FF48BB72B633E02068016821F4DA
:102C60008061016072B620680069616A0870606AFC
:102C7000401C6062208D401E2085608D401E608556
:102C80003D4846F2A8110068B0FBF1F0C0EBC0006F
:102C900000EB80000090401E009007D02068406943
:102CA000C04340070DD50098F5E727E044F8305FB2
:102CB0006773A573206940F02000206162B6257318
:102CC0001CE02068016841F400710160206800691F
:102CD000616A0870606A401C6062218D491E21850E
:102CE000618D491E618562B621680969017026E01F
:102CF00032464146204601F0B9FF18B1012007B025
:102D0000BDE8F08F20680069616A0870606A401C45
:102D10006062208D401E81B22185608D401E6085DD
:102D200020684269D243520712D4032903D10168B3
:102D300021F48061016020680069616A0870606A3E
:102D4000401C6062208D401E2085608D401E608585
:102D5000208D00287FF464AF84F83D7084F83E50E5
:102D600084F83C50CBE70220C9E7000002001000C5
:102D70000000FFFF04000100440100202DE9FF4F87
:102D800083B09A46DDE9119793460446DDF840800A
:102D9000FFF7FCFD054694F83D0020287FD119235C
:102DA000012240492046009501F0BAFE002876D164
:102DB00094F83C00012872D0012084F83C0020687F
:102DC0000168C90703D1016841F001010160206871
:102DD000016821F400610160212084F83D00402059
:102DE00084F83E0000262664C4F82480A4F82A90C3
:102DF000608D20852C48E062CDE9007553465A4627
:102E00002046049901F00CFE70B930E02A4639469C
:102E1000204601F063FF58B1206C042804D12068DB
:102E2000016841F400710160012007B0BDE8F08F36
:102E3000606A216800780861606A401C6062218DC8
:102E4000491E89B22185628D521E628522685369AE
:102E5000DB435B070BD469B100781061606A401CEA
:102E60006062208D401E2085608D401E6085208D13
:102E70000028CBD12A463946204601F025FE0028FD
:102E8000CAD154F83D0B016841F400710160202063
:102E900004F81E09E67766770020C6E7FFE7022000
:102EA000C3E70000020010000000FFFF10B586B06D
:102EB000002100910191029103910068104988421C
:102EC0001BD1104CA06940F00800A061A0696946C0
:102ED00000F0080004904FF4406000901220019030
:102EE000032003900848FFF743FCE06940F48000AA
:102EF000E061E06900F48000049006B010BD0000BD
:102F00000058004000100240000C01400248816857
:102F1000027811448160704738010020074810B5DD
:102F2000016841F010010160032000F075F80F20E6
:102F300000F006F800F024F8002010BD0020024048
:102F400070B50D4D04464FF47A712878B1FBF0F05E
:102F50000A490968B1FBF0F000F02BFF48B9102CCA
:102F600007D200222146501E00F036F800206C6087
:102F700070BD012070BD0000380100204401002018
:102F80000C4808B5816941F001018161816901F056
:102F900001010091C16941F08051C161C06900F037
:102FA000805000900448416821F0E06141F00071D8
:102FB000416008BD0010024000000140002809DB0C
:102FC00000F01F02012191404009800000F1E02043
:102FD000C0F8001170470000F0B40E4B1B680C469F
:102FE000C3F30223C3F10705042D00D90425191DDD
:102FF000072901D2002300E0DB1E012606FA05F1B5
:10300000491E214099409E40761E16403143F0BC37
:1030100002F0F3BF0CED00E0064900F0070208687B
:103020004FF6FF03184040EA0220034A10430860AD
:10303000704700000CED00E00000FA052DE9F843B0
:1030400005460078354CC00754D0E0690026C00022
:1030500008D4E06940F08050E061E069012600F0AA
:10306000805000902E480168C90512D4016880463E
:1030700041F480710160FFF789FC074605E000BF5D
:10308000FFF784FCC01B642823D8D8F80000C005D3
:10309000F6D5206A10F4407021D0A98801F440715F
:1030A00081421CD0206A1F49012220F440700A602E
:1030B00000220A602062C00711D0FFF767FC0746B4
:1030C00041F2883808E000BFFFF760FCC11B4145B2
:1030D00002D90320BDE8F883206A8007F4D5206A6E
:1030E000696820F44070084320621EB1E06920F056
:1030F0008050E0612878800705D56068A96820F4D1
:103100004040084360602878C00605D5606869695A
:1031100020F48000084360600020DBE700100240DC
:1031200000700040400442422DE9F0470F46050080
:1031300061D0434E306800F00700B84209D23068D1
:1031400020F0070038433060306800F00700B842D4
:1031500051D128683B4C810712D5400703D56068E0
:1031600040F4E06060602878000703D5606840F4B0
:10317000605060606068A96820F0F00008436060FB
:103180002878C00728D06868012810D02168022854
:1031900010D0890700292EDA616821F0030101436C
:1031A0006160FFF7F3FB804641F288390DE021684A
:1031B0008903EFE78901EDE7FFF7E8FBA0EB0801E2
:1031C000494502D90320BDE8F0876068696800F0CE
:1031D0000C00B0EB810FEFD1306800F00700B8426F
:1031E0000BD9306820F0070038433060306800F0B9
:1031F0000700B84201D00120E5E72878400705D54F
:103200006068E96820F4E06008436060287800079F
:1032100006D56068296920F4605040EAC10060600A
:1032200000F038F86168084AC1F30311515CC840E6
:103230000649086006480068FFF782FE0020C2E7E2
:1032400000200240001002401EA00008440100209F
:103250003C0100200448054900684968044AC1F35C
:103260000221515CC8407047440100200010024018
:103270002EA000080448054900684968044AC1F3C3
:10328000C221515CC8407047440100200010024038
:103290002EA000080E4A51680E4801F00C03042BC2
:1032A00011D0082B0FD10C48C1F38343C903C05C74
:1032B0000AD55168084AC1F34041921E515C054A43
:1032C0005043B0FBF1F07047044948437047000099
:1032D0000010024000127A000EA0000800093D0014
:1032E0002DE9F84F040070D02078C04DC00749D0B8
:1032F0006868C0F38100012807D06868C0F38100C6
:10330000022809D16868C00306D52868800339D52A
:1033100060680028E7D035E06068B0F5803F0BD0EA
:1033200010B1B0F5A02F11D0286820F480302860AB
:10333000286820F4802002E0286840F4803028606B
:10334000606890B1FFF722FB06460AE0286840F467
:1033500080202860F0E700BFFFF718FB801B64287F
:1033600073D828688003F7D50CE0FFF70FFB0646FB
:1033700005E000BFFFF70AFB801B6428F0D828682F
:103380008003F7D420789A4E80074FF001094FF060
:10339000000839D5686810F00C0F07D06868C0F3D2
:1033A0008100022809D16868C00306D42868800714
:1033B00014D52069012808D110E02069B0B1C6F801
:1033C0000090FFF7E3FA074605E00AE1FFF7DEFAAF
:1033D000C01B0228C4D828688007F7D5286861690F
:1033E00020F0F80040EAC10028600DE0C6F8008037
:1033F000FFF7CCFA074604E0FFF7C8FAC01B022823
:1034000023D828688007F7D4207800072CD579487E
:10341000A169D9B1C0F80090FFF7B8FA074604E0F7
:10342000FFF7B4FAC01B02280FD8686A8007F7D5E7
:1034300071484FF4FA510068B0FBF1F0009000BF02
:103440000098411E0091FAD20EE080E0C0F80080A2
:10345000FFF79CFA074604E0FFF798FAC01B022822
:1034600075D8686A8007F7D42078400760D5E86986
:103470000027C00008D4E86940F08050E861E8699E
:10348000012700F0805000905C480168C90513D402
:103490000168834641F480710160FFF777FA824644
:1034A00006E000BFFFF772FAA0EB0A0064284ED8CE
:1034B000DBF80000C005F5D5E06801280AD008B1A6
:1034C000052813D0286A20F001002862286A20F01D
:1034D000040002E0286A40F001002862E06841F23E
:1034E000883B98B1FFF752FA82460BE0286A40F019
:1034F00004002862EEE700BFFFF748FAA0EB0A01DC
:1035000059455AD8286A8007F6D50CE0FFF73EFAED
:10351000824605E0FFF73AFAA0EB0A0159454CD87C
:10352000286A8007F6D41FB1E86920F08050E8616E
:10353000E06988B36968C1F38101022944D0022897
:10354000C6F8608004D0FFF721FA044638E034E082
:10355000FFF71CFA074604E0FFF718FAC01B022821
:103560002BD828688001F7D4206AB0F5803F05D1B8
:103570006868A16820F4003008436860D4E9080155
:103580000843696821F4741108436860C6F86090C4
:10359000FFF7FCF9044606E025E000BFFFF7F6F967
:1035A000001B022809D828688001F7D51BE000BF5E
:1035B000FFF7ECF9001B022802D90320BDE8F88FC1
:1035C00028688001F4D40EE00128F7D06868226AE8
:1035D00000F48031914204D1616A00F47010884295
:1035E00001D00120EAE70020E8E7000000100240D7
:1035F000000042428004424244010020007000402A
:10360000704770B5040009D0606A002540B125619B
:103610006561A56294F8510040B10CE0012070BDD5
:103620006068B0F5827FF4D0E561F2E784F850502D
:10363000204600F03FF8022084F85100206801681D
:1036400021F040010160A088218900F4827001F41A
:1036500004410843A18901F400610843217C01F081
:1036600002010843217D01F001010843218B01F48F
:1036700000710843217F01F03801084394F82010BD
:1036800001F080010843218D01F4005108432168B5
:103690000860A069042101EA1040216848602068A0
:1036A000C16921F40061C1616565012084F85100A0
:1036B000002070BD2DE9F04186B0002400940194F3
:1036C000029403940646454D0368454802220321AF
:1036D00080274FF01008AB4231D1836943F4805307
:1036E0008361836903F480530493836943F0040383
:1036F000836180693B4D00F004000490A020CDE977
:103700000002039169462846FFF732F84020CDE9D0
:103710000004694628460294FFF72AF8334D3248E0
:10372000C5E902472C616C61AC61EC61C5E9000838
:1037300028464BE0B5646E6206B0BDE8F0812C4DC2
:10374000AB42F9D1C36943F48043C361C36903F455
:1037500080430493836943F0080383618069254DA6
:1037600000F0080004904FF42040CDE900020391DE
:1037700069462846FEF7FCFF4FF48040CDE900047F
:10378000694628460294FEF7F3FF184D1648443563
:103790001430C5E90004C5E902472C616C61AC61D5
:1037A0002846EC61FEF712FF08B1FDF7F0FFF56463
:1037B0006E620E4D0C4888352830C5E902472C61F1
:1037C0006C61AC61EC61C5E900082846FEF7FEFEBD
:1037D0000028AFD0FDF7DBFFACE700000030014070
:1037E0000010024000080140300002402C0B002075
:1037F00000380040000C01402DE9F84F044690F8D5
:1038000051001D4616460F46012838D160684FF01A
:103810000408B0F5827F01D1A06830B3FFF7B6F895
:103820008246002F75D0002E73D094F850000128E6
:1038300025D04FF0010984F8509084F851804FF062
:103840000008C4F85480A763A687E687C4F83080D0
:10385000A4F83480A4F83680C4F84080C4F84480CA
:10386000A068B0F5004F0CD015E084F851800093AB
:1038700013460A46204600F01CF9BDE8F88F0220E6
:10388000FBE72068016821F04001016020680168C1
:1038900021F48041016020680168490603D4016871
:1038A00041F040010160E068C0B134E02068816807
:1038B000C90709D0007BA16B0870A06B401CA063F6
:1038C000E08F401EE08709E0FFF760F8A0EB0A00F8
:1038D000A84202D3681C01D032E085B3E08F0028F3
:1038E000E4D11BE020688168C90709D0C068A16BDA
:1038F0000880A06B801CA063E08F401EE0870AE078
:10390000FFF744F8A0EB0A00A84203D3681C02D0DA
:1039100016E012E09DB1E08F0028E3D1524629461F
:10392000204601F0EFFC08B12020606584F851903A
:1039300084F85080606D00289FD001209DE7FFE74C
:1039400084F8519084F85080032096E72DE9F84FD1
:10395000984616468A460446FFF718F8814694F8BA
:10396000510001281ED1BAF1000F73D0002E71D082
:1039700094F85000012815D0012784F850700320D6
:1039800084F8510000256565C4F830A0A686E68657
:10399000A563A587E58765642564A068B0F5004F39
:1039A00003D00CE00220BDE8F88F2068016821F008
:1039B000400101602068016841F480410160206895
:1039C0000168490603D4016841F040010160E068E4
:1039D000B0F5006F606803D048B3012E27D047E0F0
:1039E00008B1012E1FD1206B21680088C86006E055
:1039F00020688168890709D5216B0988C160206B1F
:103A0000801C2063E08E401EE0860CE0FEF7BEFFC7
:103A1000A0EB0901414503D3B8F1FF3F03D035E0E6
:103A2000B8F1000F32D0E08E0028E1D123E0206B06
:103A300021680078087306E02068816889070AD544
:103A4000216B09780173206B401C2063E08E401EBF
:103A5000E0860DE02BE0FEF799FFA0EB0901414560
:103A600003D3B8F1FF3F03D010E0B8F1000F0DD041
:103A7000E08E0028E0D14A464146204601F070FC25
:103A800008B120206065A06830B109E084F8517069
:103A900084F85050032086E72068C1688068009051
:103AA00084F8517004F8505F60680028F3D001205A
:103AB00079E72DE9FF4F81B01D46934604464FF04C
:103AC00001090E9EFEF762FF074694F851006168F7
:103AD000012806D0B1F5827F3CD1A168C9BB04287A
:103AE00038D10298002871D0BBF1000FFBD0002D17
:103AF000F9D094F8500001282CD04FF0010A84F836
:103B000050A094F85100042802D0052084F85100F8
:103B10004FF00008C4F85480C4F838B0E587A58792
:103B200002992163E586A586C4F84080C4F84480E4
:103B300020680168490603D4016841F04001016032
:103B4000E068B0F5006F606808D0F0B3012D49D08F
:103B500081E0FFE7022005B0BDE8F08F08B1012D3C
:103B600039D1206B21680088C860206B801C2063DD
:103B7000E08E401EE0862EE02068816889070FD520
:103B8000E18E69B1B9F1010F0AD1216B0988C160D9
:103B9000206B801C2063E08E401EE0864FF0000901
:103BA00020688168C9070CD0E18F51B1C068A16B52
:103BB0000880A06B801CA063E08F401EE0874FF060
:103BC0000109FEF7E3FEC01B01E00BE067E0B04235
:103BD00001D3701C50D1E08E0028CDD1E08F002899
:103BE000CAD13EE0206B216800780873206B401C2E
:103BF0002063E08E401EE0862DE020688168890702
:103C00000FD5E18E69B1B9F1010F0AD1216B0978A5
:103C10000173206B401C2063E08E401EE0864FF055
:103C2000000920688168C9070CD0E18F51B1C068D4
:103C3000A16B0870A06B401CA063E08F401EE08762
:103C40004FF00109FEF7A2FEC01BB04202D3701C68
:103C500001D011E086B1E08E0028CED1E08F00289F
:103C6000CBD13A463146204601F07AFB50B12020B4
:103C7000606584F8508012E084F851A084F8508088
:103C8000032068E7A06818B92068C16880680090C0
:103C900084F851A084F85080606D0028F1D0012094
:103CA00059E7000070B5044690F8510001281CD176
:103CB000C9B1C2B194F85000012816D0012084F88F
:103CC0005000032084F85100002565652163A28619
:103CD000E286A56365642564A587E587A068B0F5DD
:103CE000004F04D00DE0012070BD022070BD20689F
:103CF000016821F0400101602068016841F48041C1
:103D00000160A16C1748C862A16C17488862A16C59
:103D100016480863A06C4563E38E2268216B0C3261
:103D2000A06CFEF791FC30B1606D40F01000606552
:103D300084F85050D7E720680168490603D4016829
:103D400041F04001016084F850502068416841F022
:103D5000200141602068416841F00201416000207B
:103D600070BD000097520008A1520008755200086B
:103D700010B5044600680949884207D10122102184
:103D80000748FEF7FEFD0749022008700649206833
:103D9000884202D105490120087010BD0030014061
:103DA00000080140310100200038004030010020AF
:103DB000704710B5401EB0F1807F01D3012010BDC7
:103DC0004FF0E02460610F21601702F016F9002027
:103DD000A06107202061002010BD704770470000DF
:103DE00070B590F83C20012A2CD0012480F83C408A
:103DF000022280F83D2003685A689D6822F0700610
:103E00000A6832435A60104B02689A420ED00F4B38
:103E10009A420BD0B2F1804F08D00D4B9A4205D098
:103E20000C4B9A4202D00C4B9A4204D1496825F0BF
:103E300080031943916080F83D40002180F83C10D8
:103E4000084670BD022070BD002C014000340140C6
:103E50000004004000080040000C004010B50400C1
:103E600003D094F83D0010B107E0012010BD002000
:103E700084F83C00204600F01FF8022084F83D0042
:103E8000211D206801F006FE012084F8460084F818
:103E90003E0084F83F0084F8400084F8410084F834
:103EA000420084F8430084F8440084F8450084F814
:103EB0003D00002010BD000038B5054600681549DA
:103EC000154C88420FD1E06940F01000E061E069D4
:103ED000002200F01000009011463620FFF77CF819
:103EE0003620FFF76BF80D492868884211D1E06948
:103EF00040F02000E061E069002200F02000009026
:103F000011463720FFF768F8BDE838403720FFF743
:103F100055B838BD001000400010024000140040A9
:103F200090F83D10012901D001207047022180F84E
:103F30003D100168CA6842F00102CA6000680E497B
:103F400088420ED00D4988420BD0B0F1804F08D086
:103F50000B49884205D00B49884202D00A49884261
:103F600004D1816801F00701062903D0016841F0FE
:103F70000101016000207047002C01400034014025
:103F80000004004000080040000C00400168CA68BE
:103F900022F00102CA6001680A6A41F211131A4252
:103FA00007D10A6A9B101A4203D10A6822F0010263
:103FB0000A60012180F83D100020704770472DE90C
:103FC000F04104460068C66805694FF00007A9077C
:103FD00013D5B10711D5F91E0161012020772068A2
:103FE00080698007204602D0FFF7E8FF04E000F078
:103FF0007EF8204600F07CF82777680716D5700712
:1040000014D521686FF00400086102202077206831
:10401000806910F4407F204602D0FFF7CFFF04E014
:1040200000F065F8204600F063F82777280715D5DB
:10403000300713D521686FF008000861042020774D
:104040002068C0698007204602D0FFF7B7FF04E070
:1040500000F04DF8204600F04BF82777E80616D51B
:10406000F00614D521686FF0100008610820207751
:104070002068C06910F4407F204602D0FFF79EFF01
:1040800004E000F034F8204600F032F82777E80723
:1040900008D0F00706D021686FF0010008612046C3
:1040A00000F028F8280608D5300606D521686FF0FC
:1040B000800008612046FFF790FE680608D570066C
:1040C00006D521686FF040000861204600F02CF80A
:1040D000A8060AD5B00608D521686FF0200008614F
:1040E0002046BDE8F041FFF779BEBDE8F08170479A
:1040F00070470000094B026809499A4206D14A6A92
:10410000521C4A62032A01DB01224A710068054AF7
:10411000904202D18889401C88817047001000407D
:1041200004000020001400407047704710B504469A
:104130000068406994F84110C0F3C010212911D1E2
:1041400080B12068143050E8001F21F0800140E861
:104150000012002AF5D1A06B08B1FEF758F82046EE
:1041600001F0B6FD2068406994F84210C0F3801059
:10417000222911D180B12068143050E8001F21F0AD
:10418000400140E80012002AF5D1E06B08B1FEF7CB
:104190003EF8204601F075FD002010BD704700007C
:1041A000F8B5016804460868CA684B6910F00F0F3B
:1041B0004FF0000559D003F0010602F49077374321
:1041C00065D0C10705D0D10503D5616C41F001016F
:1041D0006164410705D5D90703D0616C41F0020144
:1041E0006164810705D5D90703D0616C41F00401F2
:1041F0006164010707D502F02001314303D0616CEF
:1042000041F008016164616C00293AD0800604D550
:10421000900602D5204601F069FD20684069616C76
:10422000C0F38010090700D460B3204601F029FDD7
:1042300020684069400621D52068143050E8001FEE
:1042400021F0400140E80012002AF5D1E06BA8B14E
:104250006D494163E06BFDF7FDFF002811D0E06B75
:10426000416B01B0BDE8F040084783060FD59306C7
:104270000DD52046BDE8F84001F038BD2046FFF7D7
:104280008DFFF8BD2046FFF789FF6564F8BD266BFA
:104290002023012E7CD1C6067AD5D60678D50868AB
:1042A0004868009048694FF00206400640D5E16B2F
:1042B000086840680004000CE8D0A28D8242E5D96D
:1042C000E085886920282DD020680C3050E8001F38
:1042D00021F4807140E80012002AF5D120681430E2
:1042E00050E8001F21F0010140E80012002AF5D13A
:1042F0002068143050E8001F21F0400140E800120F
:10430000002AF5D184F84230256320680C3050E84B
:10431000001F21F0100140E80012002AF5D1E06BE7
:10432000FDF775FF6663A08DE18D401A81B22AE02A
:10433000A08DE18D401A81B2E08D0028A6D0002921
:10434000A4D022680C3252E8000F20F4907042E8AA
:104350000007002FF5D12068143050E8002F22F01C
:10436000010240E80027002FF5D184F84230256390
:1043700020680C3050E8002F22F0100240E80023A3
:10438000002BF5D166632046FFF7CFFEF8BDFFE7AF
:1043900005062BD5150629D594F841002128F5D11D
:1043A000A068B0F5805F01D12069B0B1206A411CDE
:1043B0002162216800784860E08C401E0004000CF7
:1043C000E084E3D12068C16821F08001C1602068E9
:1043D000C16841F04001C160D8E7206A0088C0F39D
:1043E00008004860206A801C2062E5E74006CDD5C1
:1043F0005006CBD5CA68204622F04002CA6084F835
:10440000413000F0CBF9C1E7855B000870B50400CE
:1044100004D094F84100002510B106E0012070BDE1
:1044200084F84050204600F023F8242084F841000E
:104430002068C16821F40051C160204601F0B8FC39
:104440002068016921F4904101612068416921F0EF
:104450002A0141612068C16841F40051C16065646E
:10446000202084F8410084F842006563002070BD7C
:10447000F0B585B00024009401940294039405469D
:104480006D4FD0F800C06D49022003226C4B04260A
:10449000BC4544D1CF6947F48017CF61CF6907F499
:1044A000801704978F6947F010078F618F6907F0B5
:1044B000100704978F6947F020078F61896903927D
:1044C00001F020010491C102CDE9001069461846AF
:1044D000FEF74EF9CDE9006469465A480294FEF7AA
:1044E00047F9002211463520FEF776FD3520FEF70C
:1044F00065FD564E544830601020C6E90104802006
:10450000C6E903047461B4613046F461FEF75EF8F5
:1045100008B1FDF73CF9AE63756205B0F0BD4D4DD5
:10452000DFF82CE12F15F44525D18B6943F4804346
:104530008B618B6903F4804304938B6943F004031C
:104540008B618969039201F0040104916915CDE939
:10455000001069462846FEF70BF9CDE9007469465C
:1045600028460294FEF704F9002211462520FEF7A2
:1045700033FD252028E0DFF8E0E0F44527D1CB69C2
:1045800043F40033CB61CB6903F4003304938B69AC
:1045900043F004038B61896901F00401CDE9032133
:1045A000CDE9006069462846FEF7E2F80820CDE92B
:1045B0000004694628460294FEF7DAF80022114604
:1045C0002620FEF709FD2620FEF7F8FCA5E7234D7F
:1045D000AC45A2D1CD6945F48025CD61CD6905F406
:1045E000802504958D6945F010058D61896901F07C
:1045F000100104911A494D6825F0300545F0E06539
:1046000045F010054D60CDE9007069461D460392E6
:104610001846FEF7ADF84FF40060CDE90004694696
:1046200028460294FEF7A4F8002211462720FEF740
:10463000D3FC2720C8E700000050004000100240D3
:1046400000100140001401408000024038080020A2
:10465000003801400008014000440040004800408C
:104660000000014090F84230202B01D0022070471A
:1046700021B11AB10023036301F0F6BB012070479A
:1046800090F84230202B01D00220704721B11AB19E
:104690000023036301F030BC0120704770B500684F
:1046A000114988421FD1114C00252146A078497834
:1046B00018B9AC2901D0A5700DE00D4A1154401C69
:1046C000C0B2A070052806D39178884203D3104663
:1046D00002F0D4F8EFE7BDE8704004490122491C1C
:1046E0000448FFF7CDBF70BD00500040040000201B
:1046F000D60600201807002070472DE9F84304462D
:1047000090F84100984616460D46202802D0022017
:10471000BDE8F88385B17EB100206064212084F873
:104720004100FEF733F9A6848146E684A06820277D
:10473000B0F5805F02D003E00120E9E7206910B105
:104740002E4600250EE000260CE08021204601F0D8
:10475000EEFBA8B9C6B116F8010B21684860E08CE1
:10476000401EE084E08C4B464FF00002CDF8008004
:104770000028EAD14FF04001204601F0D8FB40B1BB
:1047800084F841700320C3E735F8020BC0F308003A
:10479000E3E784F841700020BAE7000000680349AD
:1047A000884202D102490020087270470050004040
:1047B00004000020012211030148FEF7E2B80000C6
:1047C000000C014000224FF480510148FEF7D9B897
:1047D000000C014010B5044600F081F800F078F8B4
:1047E000FFF7F0FF202002F0E9FFC4F3074002F0DA
:1047F000E5FFC4F3072002F0E1FFE0B202F0DEFFC4
:10480000FFF7D8FFBDE8104000F062B810B5FFF721
:10481000D9FF052002F0D2FF02F0C2FF0446FFF7E5
:10482000C9FF204610BD0000F8B514460D460646E7
:1048300000F055F800F04CF8FFF7C4FF17A04FF058
:10484000FF3300680090200C8DF80100200A8DF8DD
:1048500002008DF80340042269461148FFF776F8FC
:1048600008B10120F8BD0F4C00202070AAB23146DB
:104870000B48FFF717FA08B10220F8BD21780AA00B
:10488000FBF740FD20780028FCD00FA0FBF73AFD95
:10489000FFF790FF00F01CF80020F8BD02000000B8
:1048A000D40A002030010020646D615F7472616E73
:1048B000736665725F636F6D706C657465203D2013
:1048C00025640D0A00000000686572650D0A00008D
:1048D0002DE91040FFF79AFFC007FBD110BD10B5BE
:1048E000FFF770FF062002F069FFBDE81040FFF7F8
:1048F00061BFFEE701684A69D24352050FD46FF4E5
:1049000080624A61002140F8301F20224273817387
:10491000026942F004020261017301207047002025
:10492000704700002DE9F84F0446006889460B9D4A
:1049300001689846174641F480610160206801686B
:1049400041F48071016000954FF0011B002259462F
:1049500020460A9B00F0E4F84FF4007A40B120684A
:104960000068C00501D5C4F840A00320BDE8F88F59
:10497000216809F0FE0008612B46284920460A9A62
:1049800000F016F9F0BB20684169806900902A4662
:1049900020460A9900F0A2F940B1206C04283AD1CF
:1049A0002068016841F40071016034E0FEB2B8F1A2
:1049B000010F09D02168380A08612A4620460A9961
:1049C00000F08CF90028E8D1206806612A462046CC
:1049D0000A9900F083F90028DFD12068016841F4CA
:1049E0008071016000950022594620460A9B00F024
:1049F00097F80028B3D1216809F0FF0040F00100CA
:104A0000086100E007E02B46044920460A9A00F0BE
:104A1000CFF80028AAD00120A8E70000020001007A
:104A20002DE9F843044600680D46DDE90897016862
:104A30009846164641F4807101604B4600224FF0C3
:104A400001112046009700F06BF848B1206800681B
:104A5000C00502D54FF4007020640320BDE8F88340
:104A6000216805F0FE0008613B464A46154920468C
:104A700000F09EF888B920684169806900903A4644
:104A80004946204600F02AF948B1206C042804D198
:104A90002068016841F4007101600120DEE7F5B291
:104AA000B8F1010F09D02168300A08613A46494639
:104AB000204600F013F90028E7D1206805610020A6
:104AC000CCE700000200010070B516460D46044612
:104AD0001EE02046FFF70EFF08B1012070BD681CE4
:104AE00016D0FDF753FF801BA84200D885B9206877
:104AF0004069C04340070BD5002044F8300F202107
:104B00006173A073216941F0200121612073E4E702
:104B100020684069C0434007DBD4002070BD00001E
:104B20002DE9F047984617460D460446C1F307465F
:104B3000DDF820902AE000BFB8F1FF3F26D0FDF756
:104B400025FFA0EB0901414502D8B8F1000F1DD1A6
:104B50002068012E16D0806925EA00000004000CB0
:104B600012D00020B84211D1002044F8300F20218B
:104B70006173A073216941F020012161207301203C
:104B8000BDE8F0874069E7E70120EBE72068012EE8
:104B90000AD0806925EA00000004000C06D000203D
:104BA000B842C9D00020EBE74069F3E70120F7E7FE
:104BB0002DE9F047984616460D4604464FF0000989
:104BC0004FF0200AC1F3074723E020684069C04343
:104BD000400515D42068016841F400710160216826
:104BE0006FF480604861C4F8309084F83DA084F888
:104BF0003E90216C41F00401216484F83C9021E056
:104C0000701C06D0FDF7C2FEA0EB0800B04203D82E
:104C100016B1012F1FD021E02068012F15D0806927
:104C200025EA00000004000C18D000BF44F8309FB3
:104C300084F80DA084F80E90216941F020012161D3
:104C400084F80C900120BDE8F087406925EA000057
:104C50000004000CEAD12068406901E02068806906
:104C600025EA00000004000CAFD1ECE72DE9F0418B
:104C7000002590460E460446202728E04069C043A0
:104C8000C0060CD454F8301B6FF01000486144F893
:104C900010596777A577206A2062257714E0FDF721
:104CA00075FEA0EB0800B04200D886B920684069C4
:104CB000C04340060BD544F8305F6773A573206985
:104CC00040F02000206125730120BDE8F0812068BC
:104CD0004169C9434906D1D40020F6E770B51646AC
:104CE0000D4604461EE02046FFF704FE08B10120F1
:104CF00070BD681C16D0FDF749FE801BA84200D885
:104D000085B920684069C04300060BD5002044F8EF
:104D1000300F20216173A073216941F020012161CE
:104D20002073E4E720684069C0430006DBD400201C
:104D300070BD00003EB50024114800940194029417
:104D40000E498460016001250573047505614FF407
:104D500060214460C161FCF79FFD08B1FCF717FDBD
:104D60000A20CDE90005694602940548FCF712FDCA
:104D7000002801D0FCF70BFD3EBD000000240140DF
:104D80007C08002010B522489EB0012444722149BD
:104D900081632149C1632149016421A000681C90FD
:104DA0001B4801F041F938210EA8FBF73EFC3822E0
:104DB0001C496846FBF7E5FB154A0221684601F0ED
:104DC000A3FA134A0121042001F052FB09218DF8B6
:104DD0000410022200208DF807008DF805208DF8C0
:104DE0003C108DF806408DF840008DF83D208DF880
:104DF00041008DF83E40064A0221684601F082FCDF
:104E0000034A02211CA801F0E9FB1EB010BD0000FE
:104E1000280900203D780008657800086B680008C4
:104E200000010000D49F000830B51C488BB01A491F
:104E3000016006210024C0E901144FF4E021C0E91B
:104E400003414FF4001141610476012545768576D2
:104E5000C47604774477FDF7B1F808B1FCF797FC06
:104E600003940E200494CDE90850CDE9064505943D
:104E700000940194029469460848FCF7AFFE08B11B
:104E8000FCF785FC0548FDF78FF902210348FCF784
:104E90001FFE0BB030BD000000640040200A00205F
:104EA000114808B5416941F00101416140690022A2
:104EB00000F00100009011460D20FEF78DF80D2046
:104EC000FEF77CF8002202210E20FEF785F80E2066
:104ED000FEF774F8002202210F20FEF77DF8BDE8EE
:104EE00008400F20FEF76AB8001002402DE9F04F8D
:104EF00085B0002449480094019402940394816988
:104F000041F020018161816901F0200104918169F2
:104F100041F004018161816901F00401049181691A
:104F200041F008018161816901F008010491816902
:104F300041F0100181618069DFF8E4A000F0100009
:104F4000049000224FF4A0715046FDF71AFD4FF473
:104F50000057002239465046FDF713FDDFF8C4B074
:104F60004FF48C78002241465846FDF70AFD41F285
:104F70001829002249462C48FDF703FD002208218C
:104F80005046FDF7FEFC0125CDE900546946264850
:104F90000294FDF7EDFB08200226CDE90005CDE9DE
:104FA000024669465046FDF7E3FB042000901F4887
:104FB000CDE9010569461C48FDF7DAFB4FF4A870FE
:104FC000CDE90005CDE9024669465046FDF7D0FB24
:104FD00000970396CDE9015469465046FDF7C8FB9A
:104FE000CDF800800396CDE9015469465846FDF797
:104FF000BFFBCDF800900396CDE9015469460A48FD
:10500000FDF7B6FB002211460820FDF7E5FF08205A
:10501000FDF7D4FF05B0BDE8F08F0000001002409E
:105020000010014000080140000C01400000211068
:105030000D4810B50B4901600C49416000214FF447
:1050400080428160C0E9031241618161C1610162F6
:10505000FDF7A2FC002803D0BDE81040FCF797BB89
:1050600010BD000000580040AC080020A0860100E0
:105070000F4810B50D4901604FF482714160002165
:105080008160C1604FF400720161C0E90512C16125
:105090000162416281620A21C162FEF7B2FA002810
:1050A00003D0BDE81040FCF772BB10BD00300140DA
:1050B0007C0A0020104810B50E4901604FF482713F
:1050C0004160002102228160C0E903120122426195
:1050D0005202C0E906210162416281620A21C16275
:1050E000FEF78FFA002803D0BDE81040FCF74FBB55
:1050F00010BD000000380040D40A00201CB5002478
:105100000F4800940D490194016041F61F41C0E928
:10511000011442F20F71C16080218161FEF79EFE91
:1051200008B1FCF734FB0094694605480194FEF78A
:1051300057FE002801D0FCF72AFB1CBD00100040E0
:10514000900900201CB500240F4800940D490194DB
:10515000016041F61F41C0E901146321C160802153
:105160008161FEF77BFE08B1FCF711FB00946946F4
:1051700005480194FEF734FE002801D0FCF707FB38
:105180001CBD000000140040D80900200C4810B5D8
:105190000A4901604FF4E1314160002181600C2235
:1051A000C160C0E904128161C161FFF72FF90028D5
:1051B00003D0BDE81040FCF7EABA10BD0050004033
:1051C000180700200C4810B50A4901604FF4E1317E
:1051D0004160002181600C22C160C0E9041281613C
:1051E000C161FFF713F9002803D0BDE81040FCF7B8
:1051F000CEBA10BD00380140F00700200C4810B5B1
:105200000A4901604FF4E1314160002181600C22C4
:10521000C160C0E904128161C161FFF7F7F800289D
:1052200003D0BDE81040FCF7B2BA10BD0044004006
:10523000600700200C4810B50A4901604FF4E131C5
:105240004160002181600C22C160C0E904128161CB
:10525000C161FFF7DBF8002803D0BDE81040FCF780
:1052600096BA10BD00480040A8070020FEE7FEE700
:1052700002F0AABB10B5406A01684A6822F0030236
:105280004A60416D41F010014165012180F85110E3
:10529000FEF7B6F910BD10B5406AFEF789FD10BDE6
:1052A00038B50546446AFDF771FB02462868006878
:1052B000800623D42068416821F0200141602068E5
:1052C000416821F0020141606421204600F048F865
:1052D00018B1606D40F020006065A068002118B929
:1052E0002068C26880680090E186012084F851003F
:1052F000606D18B12046FEF783F938BD2046FEF7F1
:1053000037FD38BDF8B5044640684FF482739842C3
:1053100017D1A0684FF48065B0F5004F01D0A842C6
:105320000FD12068066826F0400606606068984243
:1053300007D1A068A84204D100920B4600220121A7
:1053400003E000920B4600228021204600F03AF84C
:10535000002804D0606D40F0200060650320F8BD97
:10536000F8B515460E460B4600920446012202216E
:1053700000F028F840B933460022802120460095ED
:1053800000F020F8002804D0606D40F02000606537
:105390000320F8BD31B5094C002210212046FDF74D
:1053A000F0FA4FF0FF33012269460548FEF7CEFAC6
:1053B000012210212046FDF7E4FA38BD0008014023
:1053C0007C0A00202DE9F8431E4691468846044693
:1053D000089DFDF7DBFA401B351AFDF7D7FA0746A3
:1053E00025480068C0F3CB30684338E0701C37D0E4
:1053F000FDF7CCFAC01BA84203D215B1009860B3E8
:105400002CE02068416821F0E00141606068B0F55F
:10541000827F0BD1A068B0F5004F02D0B0F5806F4D
:1054200004D12068016821F040010160A06AB0F554
:10543000005F09D12068016821F4005101602068F3
:10544000016841F400510160012084F851000020FE
:1054500084F850000320BDE8F8830025401E00902A
:105460002068816838EA010004D000214945BDD197
:105470000020F0E70121F9E744010020FAF7D6BE49
:1054800010B5FDF743FD02F0B5FA012803D0BDE8E1
:10549000104002F099BA10BD30B595B02821684689
:1054A000FBF7C3F814210AA8FBF7BFF818210FA8CF
:1054B000FBF7BBF801210804CDE900100025029597
:1054C00002240491CDE907404FF4E01009906846AA
:1054D000FDF706FF08B172B6FEE70AA90F2081E8C2
:1054E00031004FF48060CDE90D0502210AA8FDF7D7
:1054F0001BFE08B172B6FEE74FF4004011900F9406
:105500000FA8FDF79BFD002801D072B6FEE715B08D
:1055100030BD704770B5084C054600220821204672
:10552000FDF72FFA2846FFF735FF2046BDE870400B
:1055300001220821FDF725BA0008014010B50446F4
:10554000012208210348FDF71CFA2046BDE810405F
:10555000FFF720BF000801402DE9F04107461C4637
:1055600015460E462A20FFF7D5FF380AFFF7E6FF5B
:10557000F8B2FFF7E3FF280AFFF7E0FFE8B2FFF712
:10558000DDFF2B20FFF7C6FF300AFFF7D7FFF0B291
:10559000FFF7D4FF200AFFF7D1FFE0B2FFF7CEFFFD
:1055A000BDE8F0412C20FFF7B5BF70B59F23002167
:1055B0001A460846FFF7D0FF002400250020FFF719
:1055C000BDFF0020FFF7BAFF6D1CADB2A02DF5D3D3
:1055D000641CA4B2A02CF0D370BD000070B54FF4D1
:1055E000807400222146FE4D2846FDF7CAF90A20A4
:1055F000FDF762F8012221462846FDF7C2F978201E
:10560000FDF75AF8FE20FFF785FFEF20FFF782FF36
:105610008020FFF77FFFFF20FFF790FF8120FFF73B
:1056200079FFFF20FFF78AFF8220FFF773FFFF203B
:10563000FFF784FF8320FFF76DFFFF20FFF77EFF5A
:105640008420FFF767FFFF20FFF778FF8520FFF733
:1056500061FFFF20FFF772FF8620FFF75BFFFF204F
:10566000FFF76CFF8720FFF755FFFF20FFF766FF6E
:105670008820FFF74FFFFF20FFF760FF8920FFF72B
:1056800049FFFF20FFF75AFF8A20FFF743FFFF2063
:10569000FFF754FF8B20FFF73DFFFF20FFF74EFF82
:1056A0008C20FFF737FFFF20FFF748FF8D20FFF723
:1056B00031FFFF20FFF742FF8E20FFF72BFFFF2077
:1056C000FFF73CFF8F20FFF725FFFF20FFF736FF96
:1056D0003A20FFF71FFF0520FFF730FFEC20FFF710
:1056E00019FF0120FFF72AFF7420FFF713FF0220A4
:1056F000FFF724FF0E20FFF721FF0020FFF71EFF1A
:105700000020FFF71BFF0020FFF718FF0020FFF726
:1057100015FF0020FFF712FF9820FFF7FBFE3E2049
:10572000FFF70CFF9920FFF7F5FE3E20FFF706FF7D
:10573000B520FFF7EFFE0D20FFF700FF0D20FFF76C
:10574000FDFE6020FFF7E6FE3820FFF7F7FE0F2092
:10575000FFF7F4FE7920FFF7F1FE6720FFF7EEFE7A
:105760006120FFF7D7FE1120FFF7E8FE7920FFF751
:10577000E5FE6720FFF7E2FE6420FFF7CBFE38204E
:10578000FFF7DCFE1720FFF7D9FE7120FFF7D6FEEA
:105790005F20FFF7D3FE7920FFF7D0FE6720FFF7E9
:1057A000CDFE6520FFF7B6FE3820FFF7C7FE1320B9
:1057B000FFF7C4FE7120FFF7C1FE5B20FFF7BEFEBE
:1057C0007920FFF7BBFE6720FFF7B8FE6A20FFF7DE
:1057D000A1FE0020FFF7B2FE0020FFF7AFFE6C2015
:1057E000FFF798FE2220FFF7A9FE0220FFF7A6FE92
:1057F0002220FFF7A3FE0220FFF7A0FE2220FFF7E2
:105800009DFE2220FFF79AFE5020FFF797FE6E20A4
:10581000FFF780FE0320FFF791FE0320FFF78EFEC7
:105820000120FFF78BFE0120FFF788FE0020FFF725
:1058300085FE0020FFF782FE0F20FFF77FFE0F207E
:10584000FFF77CFE0D20FFF779FE0D20FFF776FEB7
:105850000B20FFF773FE0B20FFF770FE0920FFF708
:105860006DFE0920FFF76AFE0020FFF767FE0020AB
:10587000FFF764FE0020FFF761FE0020FFF75EFEE9
:105880000A20FFF75BFE0A20FFF758FE0C20FFF707
:1058900055FE0C20FFF752FE0E20FFF74FFE0E20A4
:1058A000FFF74CFE1020FFF749FE1020FFF746FEE1
:1058B0000020FFF743FE0020FFF740FE0220FFF725
:1058C0003DFE0220FFF73AFE0420FFF737FE0420DA
:1058D000FFF734FEBF20FFF71DFE0120FFF72EFE6D
:1058E000F920FFF717FE4020FFF728FE9B20FFF767
:1058F00011FE3B20FFF722FE9320FFF70BFE332023
:10590000FFF71CFE7F20FFF719FE0020FFF716FEB1
:105910007E20FFF7FFFD3020FFF710FE7020FFF71D
:10592000F9FD0D20FFF70AFE0220FFF707FE082011
:10593000FFF704FE0D20FFF701FE0220FFF7FEFD3A
:105940000820FFF7FBFD7120FFF7E4FD0D20FFF7B6
:10595000F5FD0220FFF7F2FD0820FFF7EFFD912093
:10596000FFF7D8FD0E20FFF7E9FD0920FFF7E6FD60
:10597000C320FFF7CFFD1820FFF7E0FDC420FFF79D
:10598000C9FD1820FFF7DAFDC920FFF7C3FD3C2051
:10599000FFF7D4FDF020FFF7BDFD1320FFF7CEFD8C
:1059A0001520FFF7CBFD0420FFF7C8FD0520FFF70A
:1059B000C5FD0120FFF7C2FD3820FFF7BFFDF22033
:1059C000FFF7A8FD1320FFF7B9FD1520FFF7B6FD7F
:1059D0000420FFF7B3FD0520FFF7B0FD012001E033
:1059E00000080140FFF7AAFD3420FFF7A7FDF120D2
:1059F000FFF790FD4B20FFF7A1FDB820FFF79EFDBC
:105A00007B20FFF79BFD3420FFF798FD3520FFF743
:105A100095FDEF20FFF792FDF320FFF77BFD472078
:105A2000FFF78CFDB420FFF789FD7220FFF786FD9C
:105A30003420FFF783FD3520FFF780FDDA20FFF7E4
:105A40007DFD3620FFF766FD0020FFF777FDB420CF
:105A5000FFF760FD0020FFF771FD0020FFF76EFDEE
:105A60003420FFF757FD1120FFF754FD7820FCF795
:105A700023FEBDE870402920FFF74CBD0148FEF72A
:105A80009EBA0000900900200148FEF798BA000075
:105A9000D8090020F0B50268204C214D214E224F3C
:105AA000224B4FF0804CA04209D0984207D060456D
:105AB00005D0A84203D0B04201D0B84204D122F0B0
:105AC000700E4A6842EA0E02A04209D0984207D0FE
:105AD000604505D0A84203D0B04201D0B84203D1FE
:105AE00022F44075CA682A434D6922F080022A4395
:105AF00002608A68C2620A688262A04201D098424B
:105B000001D109690163012141610169C90703D01C
:105B1000016921F001010161F0BD0000002C01408C
:105B20000004004000080040000C00400034014028
:105B3000104808B500680068C043C0060FD40E487E
:105B400000680168406800900B48FEF7EFFA0B49C7
:105B50000120C82208700A490748FEF783FD06485D
:105B6000FEF71EFBBDE80840402205490148FEF74C
:105B700079BD000060070020180700200000002009
:105B8000D606002010B5406A0021C185C184FEF709
:105B900005FB10BD70B5446A2068406994F8411057
:105BA000C0F3C0100025212904D118B1E584204696
:105BB00000F08EF82068406994F84210C0F380101D
:105BC000222904D118B1E585204600F05AF8606C0E
:105BD00040F0100060642046FEF7E0FA70BD10B59A
:105BE0000146406A096809684FF0000289062ED410
:105BF000C28501680C3151E8003F23F4807341E80D
:105C00000034002CF5D10168143151E8003F23F035
:105C1000010341E80034002CF5D10168143151E84A
:105C2000003F23F0400341E80034002CF5D120214F
:105C300080F84210016B012909D101680C3151E84B
:105C4000003F23F0100341E80034002CF5D14263FB
:105C5000016B012902D0FEF721FD10BD818DFEF7F9
:105C600064FA10BD10B5406A01214163016B01293E
:105C700002D0FEF741FD10BD818D4908FEF755FAAF
:105C800010BD01680C3151E8002F22F4907241E8F8
:105C90000023002BF5D10168143151E8002F22F0C8
:105CA000010241E80023002BF5D1016B012909D144
:105CB00001680C3151E8002F22F0100241E8002366
:105CC000002BF5D1202180F842100021016370479C
:105CD00001680C3151E8002F22F0C00241E8002396
:105CE000002BF5D1202180F84110704708B590F8BD
:105CF0004210222901D0022008BD82684FF480534F
:105D00009A4201D1016921B1816A9A421BD04AB1FC
:105D10000AE00268816A5268C2F308020A80816A56
:105D2000891C08E0026972B10268526802F07F02C1
:105D30000A70816A491C8162C18D491E0904090CDF
:105D4000C18503D01BE002685268F1E70168CA68A8
:105D500022F02002CA600168CA6822F48072CA6018
:105D600001684A6922F001024A61202180F842104C
:105D700000214163026B012A03D0FEF78FFC002053
:105D800008BD016301680C3151E8002F22F01002B8
:105D900041E80023002BF5D101680A68D20602D53C
:105DA0000A6849680091818DFEF7BFF9E7E70000B6
:105DB00070B5044600680169E26821F4405111435E
:105DC00001612169A0680843616908432168CA68C4
:105DD00041F20C639A430243CA6020684169A26998
:105DE00021F44071114341611E492068884202D16B
:105DF000FDF740FA01E0FDF72DFA00EBC00101EBE1
:105E00000012606864218000B2FBF0F3B3FBF1F391
:105E10006FF018067343B2FBF0F5B2FBF0F605EB3A
:105E20008305322303EB0515B5FBF1F5B6FBF1F65F
:105E300005F0F00505EB0615B2FBF0F6B2FBF0F04D
:105E4000B0FBF1F06FF01802504306EB800003EB5B
:105E50000010B0FBF1F0216800F00F0028448860CA
:105E600070BD00000038014038B58162044682856B
:105E7000002013466064222284F84220E56B1B4A0E
:105E8000AA62E56B1A4AEA62E56B1A4A2A63E26B78
:105E900050630A462168E06B091DFCF7D5FB2068BA
:105EA000016840680090206948B120680C3050E8D3
:105EB000001F41F4807140E80012002AF5D12068EB
:105EC000143050E8001F41F0010140E80012002AA0
:105ED000F5D12068143050E8001F41F0400140E83F
:105EE0000012002AF5D1002038BD0000DF5B000859
:105EF000655C0008955B000881628285C28500218F
:105F00004164222180F84210016921B10168CA6808
:105F100042F48072CA6001684A6942F001024A6133
:105F20000068C16841F02001C160002070472DE980
:105F3000F843984617460D460446089E24E0701C18
:105F400022D0FCF723FDA0EB0800B0421AD8CEB156
:105F50002068C168490717D5802D15D0402D13D072
:105F60000168C94309070FD4016800254068009003
:105F70002046FFF786FE0820606484F84050012028
:105F8000BDE8F8830320FBE72068006835EA0000DD
:105F900004D00020B842D2D00020F1E70120F9E778
:105FA0000148FEF7FDB80000F00700200148FEF7A9
:105FB000F7B80000600700200148FEF7F1B80000C4
:105FC000A80700200148FBF7FBBE0000200A0020C4
:105FD000FEE7490050EAC12018BF04204A0D18BF4F
:105FE00040F0010040F2FF72B2EB515F08BF40F099
:105FF0000200012808BF052070470907090E002884
:1060000004DB00F1E02080F80014704700F00F007E
:1060100000F1E02080F8141D704730380A2801D2C2
:10602000012070470020704710B5044601F0A8F821
:1060300000282BD1242020704FF40050A4F84A00EF
:106040000320A4F84800607A20B10020E072606963
:1060500010B103E00120F9E70D486061204600F02F
:1060600081FA002812D10B48206233306062082088
:106070002076112161760721A1760749E16584F830
:1060800060002046BDE8104000F0C7B810BD000019
:106090008C7F00088C9F00084000002008B500217C
:1060A0008DF80010034601226946002000F0EDF84B
:1060B00010B14FF0FF3008BD9DF8000040B208BDA0
:1060C000F0B5044600231846557E11E0166A03EB2E
:1060D0004307F65D8E4209D1106A03EB4301084481
:1060E000018821808078A0700120F0BD5B1CDBB2AC
:1060F0009D42EBD8F0BD2DE9F7434FF00005144663
:106100005FEA01094FF010064FF030082F4626D005
:106110002CB3207E9DF80010884239D91346012205
:1061200069462F2000F0A0FA00281AD1E089102833
:1061300027D2C10701D0401EE081E28909EB0701A7
:10614000B24223460FD8404600F09FF8A17BCA19FF
:10615000D7B201EB080202F0FF08294408E04FF033
:10616000FF30BDE8FE833246404600F08EF8A919A4
:10617000CDB2C5F11001CEB20028F2D1002EDCD193
:10618000EFE7234610224946302000F07EF8E8E78A
:106190006FF00900E5E72DE9F04706460F46914606
:1061A000104600F0E1FFA0BB9EB399F847500024D1
:1061B0002CE006EB041898F80010042905D3012DF3
:1061C00003D14946002000F025FAB0B998F8000044
:1061D00009280BD0292803D06FF00700BDE8F0870D
:1061E00008F10400494600F04AFD04E008F104000B
:1061F000494600F0C2FD0028F0D1012D04D118B9A4
:106200004946012000F006FA641CE4B2BC42D0D337
:10621000E4E7FFE74FF0FF30E0E71FB5044690F8F2
:106220004800800716D5204600F09EFF18B14FF0B9
:10623000FF3004B010BD29208DF800002246012156
:106240006846FFF7A8FF0028F3D1BDF80410A4F8B2
:106250004410EEE76FF00700EBE770B505460C461B
:10626000084600F081FF68B965B1226C44F62060F1
:106270006168904723462946BDE8704001222120ED
:1062800000F003B84FF0FF3070BD2DE9F0438046B9
:10629000A1B0174689461C460025184600F064FF49
:1062A00006002BD1B9F1000F28D0607A08B948F068
:1062B0008008E07AD4F838C0C2196946404663685D
:1062C000E047A07294F84700226C6168012806D06C
:1062D00002209047A07A68B16FF0010610E04FF4F9
:1062E000E170F6E7E17A42198A5C09F805206D1C35
:1062F000ADB200E06846BD42F4D301E04FF0FF3696
:1063000021B03046BDE8F0832DE9FC5F05468A46A2
:106310009346104600F028FF4FF0FF3900287AD14D
:10632000002D78D09BF84770002668E0C6EBC608C1
:1063300015F83800042801D2022807D1012F05D111
:106340005946002000F066F9002865D115F838009C
:1063500040B101280DD0022812D0092846D06FF094
:1063600007004EE005EBC8005946001D00F004FC94
:1063700042E005EBC8005946001D00F051FC3BE02F
:1063800005EBC800001D0090584600F0EDFE58BB1C
:10639000009848B380465B46012201A96B20FFF7B5
:1063A00074FF10BB9DF804005946C0F3401088F8F4
:1063B0000000009800F007FC040022D15B46012297
:1063C00069464420DDF80080FFF75FFF68B99DF85B
:1063D0000000010988F806109DF8000000F00F0188
:1063E00088F80510204608E048460AE005EBC8009A
:1063F0005946001D00F07CFC18B9761CF6B25645D3
:1064000094D3012F08D1002806D15946BDE8FC5F7E
:10641000012000F0FFB84846BDE8FC9F30B587B0CA
:1064200004000D460ED00B46182269460320FFF7E4
:106430002CFF002804D12A462146684600F053F874
:1064400007B030BD4FF0FF30FAE770B504460D4697
:10645000084600F089FE40B93CB12B462146BDE814
:10646000704001220320FFF710BF4FF0FF3070BDD6
:10647000F8B504460007060E00200D4617468DF8B5
:1064800000001346012269465820FFF7FEFE00284F
:1064900021D1042D24D2200744EA106035B1012D0A
:1064A0000AD0022D0CD0032D0FD115E09DF800105D
:1064B00081438DF8001008E09DF80000204302E0C1
:1064C0009DF8000030438DF800003B4601226946EC
:1064D000582000F0C9F8F8BD9DF800100843F2E715
:1064E0006FF00B00F8BD2DE9F04104460D469046D3
:1064F0000026104600F038FE07002ED16DB30120B3
:10650000AA19215C401C761CF6B21176C0B2082E86
:10651000F6D304F10901284600F01EFB4146284647
:1065200000F05FFC05F10C0004F10F01064600F0DD
:1065300013FB4146304600F055FA4146304600F024
:1065400050FCA17DE07D0A02617D42EA00400843E3
:106550002862207885F8240001E04FF0FF373846A4
:10656000BDE8F0813EB504461B4900208DF80000CF
:10657000D1E90001CDE90101204600F0F5FD002838
:1065800024D1012584F84750607A38B92346012286
:1065900069460020FFF779FE002817D12346012223
:1065A00069460020FFF771FE00280FD121789DF881
:1065B000000081420BD110202073E5760198A06283
:1065C000BDF80800A085204600F0EFF83EBD207021
:1065D0006FF002003EBD0000847F00087CB50446D9
:1065E0000020CDE900000E461546104600F0BCFD27
:1065F00068B964B16A463146204600F017FF0028AA
:1066000004D1DDE900012A4600F036FF7CBD4FF0E1
:10661000FF307CBD38B5054600208DF800000C46E3
:10662000084600F0A1FD002816D123460122694644
:106630007C20FFF72AFE00280ED19DF8000023469B
:1066400065F300008DF80000012269467C2000F00F
:106650000BF810B16FF00C0038BD9DF8001001F080
:10666000010184F8471038BD2DE9F04707469146EF
:1066700088461C46184600F077FD06003DD1B8F16B
:10668000000F3AD0607A08B907F07F0794F8470006
:1066900001280DD0E56B4A46414638466368A84755
:1066A000A072226C0220616890477C2F19D01FE0F5
:1066B000002513E07819D4F83CC008EB0501C0B2FE
:1066C00001226368E047A072226C4FF4E1706168B8
:1066D0009047A07A0028E8D16D1CADB24D45E9D3B2
:1066E000E3E798F80000C00700D0012084F84700D5
:1066F000A07A20B16FF0010601E04FF0FF3630467E
:10670000BDE8F0872DE9F04104460F46904610465B
:1067100000F02AFD78BB74B398F84760002534E098
:10672000012E05D141460020FFF774FF00283AD121
:10673000C5EBC50014F8301041B101290DD0022974
:1067400012D0092918D06FF0070020E004EBC00038
:106750004146001D00F0CEFE14E004EBC0004146AF
:10676000001D00F076FF0DE004EBC0004146001D67
:1067700000F00CFF06E014E004EBC0004146001DF1
:1067800000F0BDFF18B96D1CEDB2BD42C8D3012E9B
:1067900009D1002807D14146BDE8F0410120FFF7AB
:1067A00039BF4FF0FF30BDE8F0817CB50546B6201B
:1067B0008DF8000000208DF80400284600F0D4FC7D
:1067C000040020D12B46012269467E20FFF74CFFB2
:1067D00004462A6C4FF4FA6069689047012085F8F6
:1067E000470084B9687A38B92B46012201A90020F4
:1067F000FFF74BFD040006D1284600F006F8040020
:1068000001D1C5E90C0020467CBD38B50446002006
:106810008DF80000204600F0A7FC18BBB4F84A0031
:1068200000B3E089C10701D0401EE08180B2022898
:1068300001D20220E081204601F068F8002810D142
:1068400021466846FFF709FD9DF80010002801F079
:106850000F018DF80010217403D1012901D06FF0D0
:10686000080038BD4FF0FF3038BDC0EB001000010C
:1068700000E0401E0028FCD17047000070B50446BF
:10688000AB22AC2300204D1E06E0265C401C3244A7
:10689000D2B21344DBB280B2A842F6DBD018034A6E
:1068A000C0B22144107001F8010C70BD50000020EE
:1068B00010B5D0F8B024D0F8B4349A4201D10020F9
:1068C00010BDD0F8B02402EB420200EB82021CCAD9
:1068D00081E81C00D0F8B0146422491C91FBF2F34B
:1068E00002FB1311C0F8B014D0F8B814002904DD6D
:1068F000D0F8B814491EC0F8B814012010BD70B506
:10690000D0F8B43464245B1C93FBF4F504FB15331A
:10691000D0F8B0549D4211D1D0F8B0546D1C95FB05
:10692000F4F604FB1654C0F8B044D0F8B844002C78
:1069300004DDD0F8B844641EC0F8B844D0F8B444BC
:106940000D6804EB440400EB840425604968616031
:10695000D0F8B41401EB410100EB81018A60C0F86A
:10696000B434D0F8B814642904DAD0F8B814491C47
:10697000C0F8B81470BD08B50346012269461B2053
:10698000FFF783FC00280ED19DF80010C1F38201AF
:106990008DF80010002906D0012905D0022906D063
:1069A000032900D1C01F08BD6FF0040008BD6FF0BF
:1069B000050008BD30B5002480B105788D4204D2B1
:1069C0000170197A41F0010119720178914207D9D9
:1069D0000270187A40F00200187201E04FF0FF34A4
:1069E000204630BD10B5B1F84410828847F6FF73D9
:1069F00011FB02F1CC17B0F9002001EBD45141F3A7
:106A00004F21511A0AB2994202DCDB43994200DA63
:106A10001A46028010BD2DE9FC414FF000080546E2
:106A20000C460B46CDF800808DF8048047460222C4
:106A300069464B20FFF729FC060032D1E9799DF821
:106A4000000042F2107661F347008DF8000069788B
:106A50009DF8010061F3C7108DF80100A97861F37A
:106A600086108DF80100E97861F383008DF801004C
:106A7000297961F301008DF80100214601A8FFF793
:106A8000E4FC9DF8041001F0040101430CD0226CD9
:106A90003046616890477F1CFFB2142FEDD96FF02C
:106AA0000E063046BDE8FC812346022269464B2093
:106AB000FFF7DAFD06464FF47A77226C38466168B4
:106AC0009047002EEDD1687820B10120E076E8787B
:106AD0002077E6E784F81B802346012205F10801B0
:106AE0004D20FFF7C1FD0646226C3846616890478D
:106AF000D7E7F0B5044600231846957E11E0566AA4
:106B000003EB4307F65D8E4209D1506A03EB430164
:106B10000844018821808078A0700120F0BD5B1CB2
:106B2000DBB29D42EBD8F0BD13B54FF47A7301226E
:106B300069460248FDF7E1FD00981CBDF007002002
:106B400010B50448FAF764FF0248FAF7A1FE80B2D4
:106B500010BD00007C0800200B784A7843EA02222E
:106B600002808B78CA7843EA022242800A79497906
:106B700042EA01218180704738B504460020009028
:106B80000D46084600F0F0FAD0B9CCB12B460222EF
:106B900069464020FFF779FB002810D19DF80010CE
:106BA000CA09A270C1F3021161709DF8001001F0D2
:106BB0000F0121709DF8011001F00301E17038BD53
:106BC0004FF0FF3038BD38B5044600200D460B4667
:106BD0000090022269464B20FFF757FB00281ED188
:106BE0009DF800104908E1719DF80110C909617014
:106BF0009DF80120C2F38012A2709DF80120C2F31B
:106C00008102E2709DF8012002F00302227106D198
:106C10002B46012204F108014D20FFF736FB38BD59
:106C200038B50446002000900D46084600F09CFA56
:106C300010BB0CB32B46022269464220FFF725FB0E
:106C4000002818D19DF80010CA09A270C1F3801263
:106C50006271C1F3011161709DF8001001F00F0124
:106C600021709DF80110C1F3C001E1709DF8011081
:106C700001F00701217138BD4FF0FF3038BD30B54C
:106C800087B0044600200190009002900390069087
:106C900091F848000D4680060DD50B46012204A947
:106CA0001E20FFF7F2FA002803D19DF8101018E01B
:106CB000218007B030BD0A46292106A8FFF719FF39
:106CC00098B19DF819002A466946FFF714FA002882
:106CD000EFD19DF81A301DF8031001F07F010DF877
:106CE00003104A06E4D58039E2E76FF00700E0E7D9
:106CF00070B586B0044600200D46009001900290C9
:106D000003900A460490092104A8FFF7D9F970B34B
:106D10009DF811002A466946FFF7EDF9030029D1D5
:106D20009DF8120069461DF80020401CC0B21DF8F5
:106D30000050401C42EA0522C0B2C2F30A0222807F
:106D40001DF80020401CC0B21DF80050401C2E024F
:106D5000C5B23243C2F30A006080485D6D1CEAB2DE
:106D6000895C40EA0120C0F30A00A08002E0FFE74E
:106D70006FF0070306B0184670BD30B585B0044605
:106D800000200D4600900190029003900A46049066
:106D9000092104A8FFF7ADFEF0B19DF811002A46C5
:106DA0006946FFF7A8F9010018D19DF812001DF8F7
:106DB000003003F0010323701DF80030C3F34003DB
:106DC00063701DF80030C3F38003A3701DF800004A
:106DD000C0F3C200E07001E06FF0070105B00846A3
:106DE00030BD1CB50022009201920288ADF800204F
:106DF0004288ADF802208288ADF8042091F828304E
:106E000091F82B406A463DF8133004B15B42038091
:106E100091F82C30002B91F8293032F8133000D043
:106E20005B42438091F82D3091F82A1032F811100E
:106E300003B1494281801CBD3EB59F208DF80400FE
:106E4000002000900290FDF7E1FCFDF7BBFC4FF045
:106E5000FF342346012201A90948FCF777FD2346A8
:106E6000032202A90648FCF771FD23460322694666
:106E70000348FCF7C1FCFDF79DFC9DF802003EBDF8
:106E8000D40A00201FB5FCF749F8FEF705FBFEF712
:106E90007DF9FEF7B3F9FEF7CDF9FEF793F9FEF7AA
:106EA00025F8FDF7FDFFFDF745FFFEF7C1F8FEF7FA
:106EB00025F9FEF747F9FEF7FDF8FEF7D9F8FDF7DB
:106EC00061FFFDF7B1FF012273497448FDF7D8FB5C
:106ED00071490122491C7248FDF7D2FB0122714C15
:106EE000160231462046FBF74CFD012208212046C0
:106EF000FBF747FD012240212046FBF742FD4FF4FE
:106F00007A773846FBF7D8FB674D012208212846DF
:106F1000FBF737FD012251032046FBF732FD6348A2
:106F2000FFF7BCF85C4C01466072401C7ED060A04C
:106F3000F9F7E8F9FFF780FF6081011E7AD05FA0C2
:106F4000F9F7E0F9012210212846FBF71AFD642029
:106F5000FBF7B2FBDFF87881002231464046FBF7B1
:106F600010FD3846FBF7A8FB012231464046FBF7EF
:106F700008FD3846FBF7A0FBFEF730FBFEF715FBDC
:106F80005448FCF7CDFF3846FBF796FB10215248DA
:106F9000F9F729FB514FDFF84891DFF848814FF0AE
:106FA000000B4FF066366FF00B0A10212846FBF7F6
:106FB000E0FCFFF7C5FD00F0DFFD32464B4600F078
:106FC000EFFD524600F094FF0022434600F0E8FD3A
:106FD00000F098FD206200F0E1FE02463E480B46BC
:106FE00041A13238F9F79AF9E06230493B48FFF79E
:106FF00015FAB7F90400B7F91030B7F90E20B7F950
:107000000C108DE80F00B7F90230B7F9002001E04D
:107010000CE00FE0304839A19638F9F77FF9A0620B
:1070200004212846FBF7A0FC40B12AE040A0F9F774
:1070300069F97FE744A0F9F765F983E7606A0328F7
:107040001FDBC4F824B0E078F0B100220821284604
:10705000FBF797FC84F803B0FFF772FD00F08CFD9E
:1070600032464B4600F09CFD524600F041FF0022A4
:10707000434600F095FD00F045FD20623948FCF7DD
:1070800085FF00F0A3F890E7012208212846FBF7CE
:1070900078FC0120E070DFE704000020F00700200A
:1070A0001807002000100140000C014028090020B2
:1070B000626D695F69643D25640D0A006867323559
:1070C000713235365F69643D25640D0A00000000A9
:1070D00000080140D8090020D60600200009002041
:1070E00066660A4000000840766F6C746167653A16
:1070F00020252E326620560D0A0000004143433AF7
:1071000020583A20256420593A202564205A3A20F4
:1071100025640D0A4759524F3A20583A20256420D9
:10712000593A202564205A3A2025640D0A000000AF
:10713000626D693237305F726561645F69642066D1
:1071400061696C0D0A0000006867323571323536AE
:107150006D775F726561645F6964206661696C0D5B
:107160000A00000090090020002128B1826B1AB1AA
:10717000C26B0AB1006C08B94FF0FF310846704786
:10718000002128B1826B1AB1C26B0AB1006C08B938
:107190004FF0FF310846704770B5040B24034518C3
:1071A00004E02046FDF716FB04F58054AC42F8D30A
:1071B00070BD10B513460C46024619462046FDF731
:1071C00033FBBDE81040FDF783BB00002DE9F04F15
:1071D00091B040F2011A4FF4827B002602E100BF19
:1071E0000DF108089DF80E909DF80F40404600F004
:1071F00069FC049DA0427CD1B5F5807F04D0554543
:1072000002D0B5F5817F4AD1284600224946FAF7D7
:107210007DFA9DF80970784C07EBC70C64449DF823
:107220000A009DF80B109DF80C209DF80D3004F815
:10723000087C04F8050C04F8041C04F8032C04F87A
:10724000023CA4F1090009210B90FFF717FB04F899
:10725000010CAB208DF818008DF8197007208DF8FF
:107260001A0047208DF81B00B5F5807F03D05545E7
:1072700003D1012002E0002000E002208DF81C0074
:107280008DF81D60072106A8FFF7F8FA8DF81E009B
:107290004FF0FF33092259480B99FDF72EFAA5F557
:1072A000807003380CD05D4503D19DF80800AA28F2
:1072B00020D0534CE07990B3A079012823D02EE060
:1072C000002249460498FAF721FA4E499DF8090030
:1072D000D1E90021CDE90B218DF82D0005210BA866
:1072E000FFF7CCFA8DF8300005210BA800F072FAF8
:1072F000DFE772E04248817900294FF0010100D1B7
:107300008171C1716EE04048D0F8B80438B90022EC
:1073100011465846FAF7FAF90220A071E6715D4568
:1073200060D1A079022802D1B9F1010F03D0A07970
:10733000032857D131E0BDF8090040BAA061E661E9
:10734000A06918B1A069B0F5802F05D9FF22494680
:107350000498FAF7DBF93EE0A1690020FFF71CFF73
:107360009DF80820032A00D303222548154608F17A
:1073700003013030F9F7C0F821492A4630310020A6
:10738000FFF717FFE0692844E061002249460498AE
:10739000FAF7BCF90320A07124E09DF80820052A23
:1073A00000D305221648154608F101013030F9F7DF
:1073B000A3F813492A463031E069FFF7FAFEE06985
:1073C0002844E061002249460498FAF79FF9E069F1
:1073D000A169884206D3A67104E02846FF224946E7
:1073E000FAF794F902A90848FFF762FA00287FF437
:1073F000F7AE11B0BDE8F08F640000201807002040
:10740000040000207C7F0008840100200648416BB6
:10741000096829B1416BC968C968496881627047C8
:107420004FF0FF31FAE700004801002070B5044634
:10743000002003460BE0E55C65B1012D0ED0022D66
:1074400011D0202D13D06FF007005B1CDBB28B42F4
:10745000F1D370BD166846F0010602E0166846F0EA
:1074600002061660F1E7166846F00406F9E756686A
:1074700046F001065660E8E7F8B504460F461646A2
:10748000002513468DF80050012269467D20FEF745
:10749000FCFE01002CD1E00705D09DF8000040F073
:1074A00004008DF80000A00705D59DF8000040F00D
:1074B00002008DF80000600705D59DF8000040F03F
:1074C00001008DF8000007F00100054305D09DF88C
:1074D000002042F008028DF8002004F00702024369
:1074E00006D03346012269467D20FFF7BDF80146EC
:1074F0000846F8BDF8B5044600200D460B46A61C0C
:1075000001460090671C01223046FFF753FA40B94C
:1075100030782B4601280FD0072200213846FFF78C
:1075200049FA002831D12046E61C2B460C220121C5
:10753000FFF740FA10B107E00322EEE72B460322E3
:1075400000213046FFF736FA00281ED1A1789DF8B9
:1075500000002B4661F3C7106178022261F3061028
:10756000217861F303008DF80000E1789DF80100B7
:1075700061F301008DF8010069464020FFF774F8BF
:10758000002802D12846FFF7F6F9F8BDF8B5054600
:107590000C460B460B220121401DFFF70BFA002879
:1075A0003BD12346012269466B20FEF76EFE60B98F
:1075B00029789DF80000234661F345108DF80000FE
:1075C000012269466B20FFF74FF8002825D121469C
:1075D0002846FFF720FA00281FD12646234601221D
:1075E00069464420FEF751FE040015D1A9799DF8A3
:1075F0000000334661F307106979012261F303004B
:107600008DF8000069464420FFF72EF80446326CDE
:107610004FF47A70716890472046F8BD38B504463B
:1076200000200D468DF800000B46012269465920C6
:10763000FEF72BFE00280BD19DF800002B4664F3CB
:1076400000008DF80000012269465920FFF70CF870
:1076500038BD38B5044600200D460B460146009063
:107660000122A01CFFF7A6F908BB2B46032200212C
:10767000601CFFF79FF9D0B92B4601220021601D45
:10768000FFF798F998B92B460D2206212046FFF7FF
:1076900091F960B92B4601220021E01CFFF78AF91D
:1076A00028B92B4604220021201DFFF783F900286A
:1076B00024D1A1789DF800002B4661F3C7106179B1
:1076C000022261F38610617861F30510217861F37D
:1076D00003008DF80000E1789DF8010061F3C3001C
:1076E000217961F302008DF8010069464220FEF71E
:1076F000BBFF002802D12846FFF73DF938BDF0B5A1
:10770000064685B000200F46009001900290054685
:1077100003900A4604906C46092104A8FEF7D0FCA9
:10772000D0B39DF811003A466946FEF7E4FC002804
:1077300030D19DF812003288400834F8101062F3FE
:107740000A0124F81010401C728834F8101062F3FB
:107750000A0124F81010401CC0B2B28834F810108E
:1077600062F30A0124F810109DF81210401CC1EBBE
:107770004000C0B26A4605E063195619CB5C6D1C27
:107780008B55EDB28542F7D33B4610226946302037
:10779000FEF76AFF05B0F0BDFFE76FF00700F9E7FD
:1077A00008B54FF0FF33012269460348FCF724F87F
:1077B0009DF8000008BD0000D40A002001B54FF07C
:1077C000FF33012269460248FCF7C0F808BD0000FB
:1077D000D40A0020074A10B5137A0BB1002010BD5F
:1077E000012313720A4601469B1E0348FCF785FFDE
:1077F000012010BD0400002018070020F8B5040087
:107800004FF000001D461646009014D0C1F343000F
:107810008DF8000048098DF80100022269465B20BE
:10782000FEF722FF002805D12B46324621465E2076
:10783000FEF71AFFF8BD4FF0FF30F8BD0EB54FF060
:10784000FF3392B28DE80E0002460123D021044896
:10785000FBF766F9002801D06FF001000EBD0000B3
:10786000AC0800200EB54FF0FF3392B28DE80E0049
:1078700002460123D0210448FBF780FA002801D0FA
:107880006FF001000EBD0000AC080020D0E901320D
:1078900001699A60D0E901235A604A68824201D1A5
:1078A00082684A60002202610868401E08607047D2
:1078B00042684A6093688B60936859609160086180
:1078C0000168491C016070470E48016B11B101212C
:1078D000C16170470021C16101690B4AB1FA81F1B0
:1078E000C1F11F0101EB810102EB810101F10803EC
:1078F0004A6852684A609A4201D152684A60D16827
:107900000160704748010020F80B00202DE9F0418C
:107910000446B0F84A70C0890025B7FBF0F100FBBF
:107920001170C6B221462846FEF774FE002816D113
:107930002146FFF773FE002811D166B1B91B8EB244
:1079400019E06069E289284423462946FFF756FF7B
:10795000E18929448DB2BD4227D20028F1D0BDE88B
:10796000F0816069E289284423462946FFF746FFF3
:10797000E18929448DB2B54202D20028F1D0EEE768
:107980000028ECD1E5890221E18109E06069E28902
:10799000304423463146FFF731FFE18931448EB24E
:1079A000BE4201D20028F1D0E5810028D7D121467E
:1079B0000120FFF733FE0028D1D12146BDE8F04178
:1079C0000120FEF727BE000010B5BF2080F311880C
:1079D000BFF34F8FBFF36F8F00F01AF818B104494F
:1079E0004FF080500860002080F3118810BD000027
:1079F00004ED00E00548416919B1006B18B10020A1
:107A000070470120704702207047000048010020A5
:107A10002DE9F041294C0027206B40B1A069401CA2
:107A2000A061E06900B101273846BDE8F081E66851
:107A3000761CE66008D1606BA16B6163A063206A6D
:107A4000401C2062FFF7E2FCA06ADFF874808642E7
:107A500009D3606B006880B1606BC068C5686868F6
:107A600086420DD2A0622068C06A00EB800158F8FF
:107A700021000128D5D90127D3E74FF0FF30F1E7E6
:107A8000281DFFF703FFA86A18B105F11800FFF7DA
:107A9000FDFEE86A0121226981401143216100EB6A
:107AA000800108EB8100291DFFF702FFE86A2168C9
:107AB000C96A8842CDD30127CBE7000048010020E6
:107AC000F80B0020024600200146535C491C584038
:107AD0000729FADB7047000010B500290AD00878A2
:107AE000002807D005487844F9F794F9002801D018
:107AF000002010BD0248784410BD0000162600008A
:107B00000E26000021F00042A2F16052B2F5801F63
:107B100001F0004328BFD2F17F6C0BD95FEA001C53
:107B200043EAC20242EB507018BF704728BF20F0F2
:107B300001007047B2F5801FBCBF184670474FEA7E
:107B4000410C1CF5001F02D2084600F098B970B530
:107B500000F0D0F800000089FFF7F6BF4FF00040BA
:107B6000A0F580007047000002494FF0000000F0CF
:107B70008DB900BF0000F87FB0FA80F310FA03F16E
:107B80000AD0C3F11D0303F580634FEA41504FEA69
:107B9000035202EBD12170474FF000007047000004
:107BA000DFF848C170B51CEA111E1EBF1CEA131590
:107BB0009EEA0C0F95EA0C0F00F06F8081EA030437
:107BC00023EA4C134EEAD47E21EA4C1141F4801191
:107BD00043F48013AE44A1FB024CA0FB0365AEF15D
:107BE0007F7E361955EB0C05A1FB034C4CF10003CD
:107BF000A0FB021C16EB0C06654153F10003094281
:107C000018BF46F0010613F4007F0BD14FEA033191
:107C10004FEA0530340341EA155140EA16506FF03F
:107C200003020AE04FEAC3214FEAC520F40241EA09
:107C3000555140EA56506FF0020202EB2E4201EB22
:107C4000025585EACE710AD05FEA440C18BF24F0D1
:107C5000004450F1000041F1000120EAD47040F2EC
:107C6000FE7C624500D270BDA84214BF4FF0804434
:107C70004FF04044002E08BF0024BEF1806FA8BF23
:107C8000A1F1C041BDE8704080F282804FF0000059
:107C900001F1C04101F0004170479EEA0C0F0CEA6F
:107CA000131518BF95EA0C0F06D04FF0000081EABB
:107CB000030E0EF0004170BD00F01CF88900013E7B
:107CC00000F007B800F009B84FEA430C5FEA5C5CCB
:107CD00008D081EA030100F05BB84FEA410C5FEA8B
:107CE0005C5CF6D14FF00000014970470000FF07CF
:107CF0000000F87F0EF1020E2EF0030E5EF8046B0A
:107D0000364205D4012A43EB030515F5001F12D8AE
:107D1000012841EB010C1CF5001F0CD80ED14FEAD5
:107D2000D17C15F5001F0CEB4C0C0CF1020C08BFBC
:107D30004CEBD37C04E04FF0080C01E04FEAD37C1D
:107D40000CEB4C0526FA05F606F00706B6F1040C16
:107D500006D20EEB860CBDE870404CF0010C60477B
:107D6000DFE80CF0090B02024FF000414FF0000079
:107D7000A1F5002170BD19461046012851EB010400
:107D800018BFD4F5001484BF002001F0004170BD7D
:107D90000808A0F500114FEA3101704743004FEA8F
:107DA000D30C4FEA3C0C43401FBF40070CF160511D
:107DB00013F0FE4F70471CF0006F03D100200CF051
:107DC000004170470CF0004343EA507010B540EAA0
:107DD000CC0000F00EF800BF000000924FEA000156
:107DE000FFF7D6BF4FF000414FF00000A1F5002192
:107DF00070470EF1020E2EF0030E5EF8044B244283
:107E000004D44FEA4102B2F17F4F11D84FEA400348
:107E1000B3F17F4F0CD80ED14FEAD07CB2F17F4F37
:107E20000CEB4C0C0CF1020C08BF4CEBD17C04E0C9
:107E30004FF0080C01E04FEAD17C0CEB4C0324FA24
:107E400003F404F00704B4F1040C06D20EEB840C26
:107E5000BDE810404CF0010C6047DFE80CF007086B
:107E600002024FF00040A0F5800010BD084642001D
:107E700018BFD2F1807288BF00F0004010BDFF2112
:107E800041EAD050C0057047F8F72BBD0CF00F0346
:107E9000092B08BF082000F059800A2B0BD0082BB3
:107EA00018BF704708BF1CF0400F0AD04FF0000009
:107EB0004FF0000170471CF0400F18BF4FF000401A
:107EC00070471CF0100F08D020F0704300F07F4284
:107ED00042EAD3014FEA4370704700F0604021F05E
:107EE0007F4242EA000201F07F4040EA7270704730
:107EF0004FF0FF0C4CF4E06C1CEA11531CBF9CEAE1
:107F0000030C9445C2BFDA4201EB02517047002BCB
:107F10000DD0BCF1000F0FD0002A01F00041A4BF2A
:107F200041F0E04141F07F614FF00000704701F007
:107F300000414FF00000704750EA01334FF09B0CB6
:107F400018BF4CF0806C7FF40FAE70471CF4801F9C
:107F500011D01CF4E02F03D06FEACC3149007047F8
:107F60004FF04050EFF3008222F0704242EA0002EC
:107F700082F3008870474FF000007047AB00055156
:107F8000000000000001020000000000C82E002ECA
:107F9000802E3DB1C82E002E802E9103802EBCB0C5
:107FA000802EA303C82E002E802E00B05030212E2C
:107FB00059F51030212E6AF5802E3B030000000099
:107FC000081901002200750000100010D100B34311
:107FD000802E00C1802E00C1802E00C1802E00C1E5
:107FE000802E00C1802E00C1802E00C1802E00C1D5
:107FF000802E00C1802E00C1802E00C1802E00C1C5
:10800000802E00C1802E00C1802E00C1802E00C1B4
:10801000802E00C1802E00C1802E00C1802E00C1A4
:10802000802E00C1802E00C1802E00C1802E00C194
:10803000802E00C1802E00C1802E00C1802E00C184
:10804000802E00C1802E00C1802E00C1802E00C174
:10805000802E00C1802E00C1802E00C1802E00C164
:10806000802E00C1802E00C1802E00C1802E00C154
:10807000802E00C1802E00C1E05F000000000100E2
:10808000000000000000000000009200000000005E
:1080900000000000000000000000000008190000BF
:1080A000880000000000000005E0AA3805E09030DC
:1080B000FA0096004B091100110002002D01D47B3B
:1080C0003B01DB7A04003F7BCD6CC3048509C3040C
:1080D000ECE60C460100270019009600A000010004
:1080E0000C00F03C00010100030001000E00000044
:1080F00032000500EE060400C80000000400A805D8
:10810000EE060004BC02B30085070000000000007A
:108110000000000000000000000000000000B400AB
:108120000100B900010098000000000000000000FC
:1081300001008000040000000000000000000000BA
:10814000000000000000000000000000000000002F
:10815000000000000000000000000000000000001F
:10816000000000000000000000000000000000000F
:1081700000000000000000000000000000000000FF
:10818000000000000000802E00C1FD2DDE00EB008D
:10819000DA00000CFF0F0004C0005BF5C9011EF2FD
:1081A00080003FFF19F458F566F564F5C0F1F00062
:1081B000E000CD01D301DB01FF7FFF01E40074F794
:1081C000F300FA00FF3FCA036C3856FE44FDBC02C0
:1081D000F90600FC1202AE0158FA9AFD7705BB02BF
:1081E000960195017F0182018901870188018A0139
:1081F0008C018F018D0192019101DD009F017E01B3
:10820000DB00B601706926D39C071F059D0000089E
:10821000BC0537FAA201AA01A101A801A001A80585
:10822000B401B401CE00D000FC00C501FFFBB100D9
:1082300000380030FDF5FCF5CD01A0005FFF0040E7
:10824000FF0000806D0FEB007FFFC2F568F7B3F110
:10825000670F5B0F610F800F58F75BF7830F860086
:10826000720F850FC6F17F0F6CF700E000FFD1F5AC
:10827000870F8A0FFF03F03F8B008E009000B9003C
:108280002DF5CAF5CB0120F200000000000000002F
:1082900000000000000000000000000000000000DE
:1082A00000000000000000000000000000000000CE
:1082B00000000000000000000000000000000000BE
:1082C00000000000000000000000000000000000AE
:1082D000000000000000000000000000000000009E
:1082E000000000000000000000000000000000008E
:1082F000000000000000000000000000000000007E
:10830000000000000000000000000000000000006D
:10831000000000000000000000000000000000005D
:10832000000000000000000000000000000000004D
:10833000000000000000000000000000000000003D
:10834000000000000000000000000000000000002D
:10835000000000000000000000000000000000001D
:10836000000000003050982ED70E5032982EFA039D
:108370000030F07F002E002ED02E002E018008A2AB
:10838000FB2F982EBA03212E1900012EEE0000B209
:10839000072F012E190000B2032F01500352982E0F
:1083A00007CC012EDD0000B2272F052E8A000552D2
:1083B000982EC7C1032EE90040B2F07F082F012E8E
:1083C000190000B2042F0030212EE900982EB4B11C
:1083D000012E180000B2102F0550982E4DC30550E5
:1083E000982E5AC7982EF9B4982E54B2982E67B684
:1083F000982E17B21030212E7700012EEF0000B218
:10840000042F982E7AB70030212EEF00012ED400D1
:1084100004AE0B2F012EDD0000B2072F0552982E5F
:108420008E0E00B2022F1030212E7D00012E7D0015
:108430000090902EF102012ED70000B2042F982E4A
:108440002F0E0030212E7B00012E7B0000B2122F58
:10845000012ED4000090022F982E1F0E092D982E69
:10846000810D012ED4000490022F5032982EFA0371
:108470000030212E7B00012E7C0000B2902E0903DB
:10848000012E7C000131010800B2042F982E47CB49
:108490001030212E77008130012E7C00010800B2BF
:1084A000612F032E8900012ED40098BC98B805B224
:1084B0000F58232F079009540030372F15410441DE
:1084C000DCBE44BEDCBA2C0161000F564A0F0C2FF3
:1084D000D14294B8C1421130052E6AF72CBD2FB994
:1084E00080B20822982EC3B7212D6130232ED400EC
:1084F000982EC3B70030212E5AF5182DE17F503049
:10850000982EFA030F520750504270300D544242D9
:108510007E82E26F80B24242052F212ED4001030BD
:10852000982EC3B7032D6030212ED400012ED40025
:108530000690182F012E76000B540752E07F982EDC
:108540007AC1E16F081A4030082F212ED400203064
:10855000982EAFB75032982EFA03052D982E380E6C
:108560000030212ED4000030212E7C00182D012E49
:10857000D40003AA012F982E450E012ED4003F806F
:1085800003A2012F002E022D982E5B0E3030982E64
:10859000CEB70030212E7D005032982EFA03012EE6
:1085A000770000B2242F982EF5CB032ED50011545E
:1085B000010ABC848386212EC901E0401352C440C5
:1085C0008240A8B9524243BE5342040A5042E17F5E
:1085D000F0314140F26F25BD0808020AD07F982E85
:1085E000A8CF06BCD16FE26F080A8042982E58B718
:1085F0000030212EEE00212E7700212EDD00802E6E
:10860000F4011A242200802EEC011050FB7F982EDA
:10861000F3035750FB6F013071541142420EFC2F8F
:10862000C02E0142F05F802E00C1FD2D0100000030
:1086300000000000000000009A0134030000000068
:10864000000000000000000000000000000000002A
:10865000000000000000000000000000000000001A
:10866000000000000000000000000000000000000A
:1086700000000000000000000000000000000000FA
:1086800000000000000000000000000000000000EA
:1086900000000000000000000000000000000000DA
:1086A000000000000000000000000000000020505A
:1086B000E77FF67F06320F2E61F5FE09C0B3042F67
:1086C00017302F2EEF002D2E61F5F66FE76FE05F6C
:1086D000C82E2050E77FF67F46300F2EA4F1BE094A
:1086E00080B3062F0D2ED40084AF022F16302D2E0E
:1086F0007B0086302D2E60F5F66FE76FE05FC82EA9
:10870000012E77F709BC0FB800B21050FB7F103074
:108710000B2F032E8A0096BC9FB840B2052F032E64
:1087200068F79EBC9FB840B2072F032E7E00419091
:10873000012F982EDC03032C0030212E7E00FB6FCE
:10874000F05FB82E2050E07FFB7F002E2750982E40
:108750003BC82950982EA7C80150982E55CCE16FE0
:108760002B50982EE0C9FB6F0030E05F212E7E0079
:10877000B82E7350013057541142420EFC2FB82EC0
:10878000212E59F51030C02E212E4AF19050F77F3E
:10879000E67FD57FC47FB37FA17F907F827F7B7F81
:1087A000982E35B700B2902E97B0032E8F00072E6B
:1087B0009100052EB1003FBA9FB8012EB100A3BDB4
:1087C0004C0A052EB10004BEBFB9CB0A4FBA22BD78
:1087D000012EB300DC0A2FB9032EB8000ABE9A0A94
:1087E000CFB99BBC012E97009FB8930A0FBC910A8A
:1087F0000FB8900A252E1800052EC1F52EBD2EB9F2
:10880000012E190031308A040090072F012ED40068
:1088100004A2032F012E180000B20C2F195005528C
:10882000982E4DB7052E780080901030012F212E04
:108830007800252EDD00982E3EB700B202300130C0
:10884000042F012E190000B2002F2130012EEA0062
:10885000081A0E2F232EEA0033301B500B0901405B
:10886000175646BE4B084C0A01420A801552014277
:10887000002E012E180000B21F2F032EC0F5F0307D
:10888000480847AA7430072E7A0061224B1A052F38
:10889000072E66F5BFBDBFB9C0900B2F1D562B30FC
:1088A000D242DB420104C24204BDFE808184232EF9
:1088B0007A0002420232252E62F5052ED60081840E
:1088C000252ED6000231252E60F5052E8A000B508C
:1088D000900880B20B2F052ECAF5F03E9008252E89
:1088E000CAF5052E59F5E03F9008252E59F5906FF1
:1088F000A16FB36FC46FD56FE66FF76F7B6F826F39
:10890000705FC82EC050907FE57FD47FC37FB17F5A
:10891000A27F877FF67F7B7F002E012E60F5607F30
:10892000982E35B70230636F1552507F627F5A2CF4
:1089300002321A0900B3142F00B2032F092E1800B7
:1089400000910C2F437F982E97B71F50028A023256
:108950000430252E64F51552506F436F4443252E85
:1089600060F5D908C0B2362F982E3EB700B2062F58
:10897000012E190000B2022F506F00900A2F012E15
:1089800079000090192F1030212E79000030982E98
:10899000DC03132D012EC3F50CBC0FB812301004EC
:1089A00003B0262521500352982E4DB71030212EAA
:1089B000EE000230607F252E7900606F0090052F59
:1089C0000030212EEA001550212E64F51552232E79
:1089D00060F50232506F0090022F0330272E78008E
:1089E000072E60F51A090091A32F19090091A02FF5
:1089F000906FA26FB16FC36FD46FE56F7B6FF66F2F
:108A0000876F405FC82EC050E77FF67F26300F2E5D
:108A100061F52F2E7C000F2E7C00BE09A27F807F87
:108A200080B3D57FC47FB37F917F7B7F0B2F235093
:108A30001A251240427F74821240527F002E00405D
:108A4000607F982E6AD68130012E7C00010800B22A
:108A5000422F032E8900012E890097BC06BC9FB8C7
:108A60000FB80090232ED800103001302A2F032E8B
:108A7000D40044B2052F47B200302D2F212E7C00A8
:108A80002B2D032EFDF59EBC9FB84090142F032E76
:108A9000FCF599BC9FB840900E2F032E49F1255448
:108AA0004A084090082F982E35B700B21030032F97
:108AB0005030212ED400102D982EAFB70030212E2B
:108AC0007C000A2D052E69F72DBD2FB980B2012F2C
:108AD000212E7D00232E7C00E031212E61F5F66FE2
:108AE000E76F806FA26FB36FC46FD56F7B6F916FAD
:108AF000405FC82E60510A253688F47FEB7F003234
:108B0000315232301330982E15CB0A253384D27F60
:108B1000433005502D52982E95C1D26F2752982E72
:108B2000D7C72A25B086C07FD37FAF842950F16F85
:108B3000982E4DC82A25AE8AAA88F26E2B50C16F96
:108B4000D36FF47F982EB6C8E06E00B2322F335444
:108B50008386F16FC37F04303030F47FD07FB27FE3
:108B6000E330C56F56404541280803140EB408BCD5
:108B70008240100A2F542605917F4428A37F982E07
:108B8000D9C008B933305309C16FD36FF46F83175D
:108B900047406C15B26FBE09750B90424542510EAD
:108BA00032BC0289A16F7E86F47FD07FB27F043011
:108BB000916FD62FEB6FA05EB82E032E97001BBCD3
:108BC00060509FBC0CB8F07F40B2EB7F2B2F032E80
:108BD0007F004140012EC800011A112F3758232E63
:108BE000C8001041A07F38810141D07FB17F982E0D
:108BF00064CFD06F0780A16F1142002EB16F014288
:108C00001130012EFC0000A80330CB224A25012E92
:108C10007F003C8935520554982EC4CEC16FF06F49
:108C2000982E95CF042D0130F06F982E95CFEB6FD5
:108C3000A05FB82E032EB3000232F0300331305063
:108C40008A080808CB08E07F80B2F37FDB7F252FFE
:108C5000032ECA004190042F0130232ECA00982E03
:108C60003F03C0B2052F032EDA0000304104232E4B
:108C7000DA00982E92B21025F06F00B2052F012E67
:108C8000DA0002301004212EDA0040B2012F232E28
:108C9000C801DB6FE06FD05F802E95CF0130E06FB1
:108CA000982E95CF1130232ECA00DB6FD05FB82EDF
:108CB000D0500A2533845550D27FE27F038CC07F89
:108CC000BB7F0030055A39545141A57F967F807F84
:108CD000982ED9C00530F57F2025916F3B583D5C1B
:108CE0003B56982E67CCC16FD56F52405043C17F21
:108CF000D57F1025982EFEC91025982E74C0866F3A
:108D00003028926F828CA56F6F52690E3954DB2F19
:108D100019A01530032F0030212E81010A2D012EBC
:108D2000810105284236212E8101020E012F982E45
:108D3000F303575012300140982EFEC9516F0B5C5F
:108D40008E0E3B6F57580230212E9501456F2A8DAC
:108D5000D27FCB7F132F02303F50D27FA80E0E2F31
:108D6000C06F535402005154420E10305952023019
:108D7000012F002E032D504242421230D27F80B28A
:108D8000032F0030212E8001122D012EC9000280F8
:108D9000052E8001113091280040252E8001100EF3
:108DA000052F012E7F010190012F982EF303002E35
:108DB000A0410190A67F902EE3B4012E950100A85A
:108DC000902EE3B45B549580824080B202402D8C9B
:108DD0003F52967F902EC2B3290E762F012EC900E6
:108DE000004081284552B330982E0FCA5D54807FD1
:108DF000002EA140727F82808240607F982EFEC943
:108E00001025982E74C0626F05308740C0910430E1
:108E1000052F052E830180B21430002F0430052E5B
:108E2000C900736F8140E2406904110FE1401630C0
:108E3000FE29CB40022F836F830F222F4756130F3B
:108E40001230772F4954420E1230732F00910A2F9F
:108E5000012E8B0119A802306C2F6350002E17428F
:108E60000542682C12300B25080F5030022F212E9E
:108E70008301032D4030212E83012B2E85015A2C96
:108E8000123000912B25042F635002301742172C0B
:108E90000242982EFEC91025982E74C0052EC900D6
:108EA00081845B308240372E8301020E072F5F5290
:108EB000403062404140910E012F212E8301053048
:108EC0002B2E85011230362C16301525817F982ED9
:108ED000FEC91025982E74C019A21630152F052E24
:108EE0009701806F820E052F012E86010628212E04
:108EF00086010B2D032E87015F544E289142002ED0
:108F00008240900E012F212E88010230132C053053
:108F1000C06F081CA80F163005305B50092F028067
:108F20002D2E820105420580002E02423E80002E39
:108F300006420230906F3E88014004414C280142B5
:108F4000078010252440004000A8F5222329444230
:108F50007A827E884340044100ABF523DF284342F8
:108F6000D9A0142F0090022FD26F81B2052F635425
:108F7000062890428542092C02305B500380292E3E
:108F80007E012B2E8201054212302B2E8301458259
:108F9000002E40407A8202A0082F63503B301542D9
:108FA00005423780372E7E0105421230012EC9005E
:108FB000028C404084417A8C040F032F012E8B01D8
:108FC00019A4042F2B2E8201982EF30312308190C6
:108FD0006152082F65426542438039848288054288
:108FE000454285420543002E80410090902EE1B419
:108FF0006554C16F804000B243586950442F555C9E
:10900000B7878C0F0D2E9601C440362F41568B0E1C
:109010002A2F0B52A10E0A2F052E8F011425982EF0
:10902000FEC94B54020F695005306554152F032EAD
:109030008E014D5C8E0F3A2F052E8F01982EFEC9A2
:109040004F54820F053069506554302F6D521530E2
:10905000428C454204302B2C84436B52428C002EB0
:1090600085431530242C45428E0F202F0D2E8E0166
:10907000B10E1C2F232E8E011A2D0E0E172FA10FAD
:10908000152F232E8D01132D982E74C04354C20E1C
:109090000A2F655004800B3006820B4279804140D4
:1090A0001230252E8C0101420530695065548482AE
:1090B0004384BE8C8440864126299442BE8ED57F4F
:1090C00019A143400B2E8C018440C7415D292729FB
:1090D00045428442C27F012FC0B31D2F052E94014B
:1090E00099A0012F80B3132F80B3182FC0B3162F70
:1090F00012400140927F982E74C0926F100F203062
:10910000032F1030212E7E010A2D212E7E01072DE6
:109110002030212E7E01032D1030212E7E01C26FC2
:10912000012EC900BC84028082400040900ED56FA1
:10913000022F1530982EF30341910530072F675009
:109140003D802B2E8F0105420480002E0542022C0B
:1091500000300030A26F988A864080A7052F982E95
:10916000F303C030212E950106251A25E26F768281
:1091700096405643510EFB2FBB6F305FB82E012E29
:10918000B8000131410840B22050F2300208FB7FA4
:109190000130102F052ECC008190E07F032F232E6D
:1091A000CC00982E55B6982E1DB51025FB6FE06F9C
:1091B000E05F802E95CF982E95CF1030212ECC00D9
:1091C000FB6FE05FB82E00510558EB7F2A258952CE
:1091D0006F5A895013410640B3011642CB16064020
:1091E000F3021342650EF52F054014302C2904427A
:1091F00008A10030902E52B6B388B08AB684A47FFE
:10920000C47FB57FD57F927F733004305540424094
:109210008A17F3086B01900253B84B82ADBE717F81
:10922000450A0954847F982ED9C0A36F7B54D0423D
:10923000A37FF27F607F2025716F755A7758795C24
:109240007556982E67CCB16F626F5042B17FB330C4
:109250001025982E0FCA846F2029716F926FA56F09
:1092600076826A0E73300030D02FD26FD17FB47FF8
:10927000982E2BB715BD0BB8020AC26FC07F982E6F
:109280002BB715BD0BB8420AC06F081741188916D5
:10929000E118D018A17F27251625982E79C08B5468
:1092A000907FB330824080900D2F7D52926F982E28
:1092B0000FCAB26F900E062F8B501430426F516F51
:1092C000144212420142002E316F982E74C0416F39
:1092D000807F982E74C0826F10044352010F052EB8
:1092E000CB0000300430212F516F43588C0E0430D6
:1092F0001C2F8588416F04418C0F0430162F848801
:10930000002E044104058C0E04300F2F8288316F2B
:10931000044104058C0E0430082F8388002E04417C
:109320008C0F0430022F212EAD0114300091142F28
:10933000032EA10141900E2F032EAD0114304C28B5
:10934000232EAD0146A0062F81848D524882824093
:10935000212EA10142425C2C0230052EAA0180B2CE
:109360000230552F032EA901926FB330982E0FCAE9
:10937000B26F900F003002304A2FA26F87529100D7
:109380008552510E022F002E432C0230C26F7F52A5
:10939000910E02303C2F516F8154982EFEC910253A
:1093A000B3302125982E0FCA326FC07FB3301225FB
:1093B000982E0FCA426FB07FB3301225982E0FCA75
:1093C000B26F90288352982EFEC9C26F900F003062
:1093D00002301D2F052EA10180B212300F2F426FD7
:1093E000032EAB01910E0230122F526F032EAC01EF
:1093F000910F02300C2F212EAA010A2C1230032EBD
:10940000CB008D580889414011430043252EA1010E
:10941000D46F8F5200433A89002E10431043610EDF
:10942000FB2F032EA001111A022F0225212EA001CD
:10943000EB6F005FB82E91521030023095565242B9
:109440004B0EFC2F8D5488829356804253424042EB
:1094500042868354C02EC242002EA3520051524075
:1094600047401A25012E97008FBE7286FB7F0B3076
:109470007CBFA5501008DFBA7088F8BFCB42D37FFD
:109480006CBBFCBBC50A907F1B7F0B43C0B2E57F62
:10949000B77FA67FC47F902E1CB7072ED200C0B224
:1094A0000B2F9752012ECD00827F982EBBCC0B3014
:1094B000372ED200826F906F1A2500B28B7F142F47
:1094C000A6BD25BDB6B92FB980B2D4B00C2F995422
:1094D0009B560B300B2EB100A1589B42DB426C090E
:1094E0002B2EB1008B42CB42867F7384A756C308D4
:1094F00039520550727F637F982EC2C0E16F626F50
:10950000D10A012ECD00D56FC46F726F97529D5C4A
:10951000982E06CD236F906F9952C0B204BD54406F
:10952000AFB94540E17F0230062FC0B20230032FB1
:109530009B5C12309443854303BF6FBB80B3202FE5
:10954000066F2601166F6E034542C090292ECE008D
:109550009B52142F9B5C002E93418641E304AE077F
:1095600080AB042F80910A2F866F730F072F836FB4
:10957000C0B2042F544245421230042C1130022C48
:109580001130113002BC0FB8D27F00B20A2F012E69
:10959000FC00052EC701101A022F212EC701032D32
:1095A000022C01300130B06F982E95CFD16FA06F93
:1095B000982E95CFE26F9F52012ECE0082405042EE
:1095C0000C2C42421130232ED2000130B06F982E65
:1095D00095CFA06F0130982E95CF002EFB6F005FC6
:1095E000B82E838601300030944024180600530EB4
:1095F0004F02F92FB82EA952002E604041400DBCF9
:1096000098BCC02E010A0FB8AB52533C52404040A8
:109610004B00821626B901B84140100897B80108DE
:10962000C02E11300108438625400440D8BE2C0BC3
:109630002211544203804B0EF62FB82E9F5010502B
:10964000AD52052ED300FB7F002E13409342410EF6
:10965000FB2F982EA5B7982E87CF012ED90000B2E8
:10966000FB6F0B2F012E69F7B13F01080130F05F4E
:10967000232ED900212E69F7802E7AB7F05FB82EFD
:10968000012EC0F8032EFCF51554AF5682080B2EA0
:1096900069F7CB0AB1588090DDBE4C085FB95922FA
:1096A0008090072F0334C308F23A0A080235C090AD
:1096B0004A0A4822C02E232EFCF51050FB7F982E1C
:1096C00056C7982E49C31030FB6FF05F212ECC0097
:1096D000212ECA00B82E032ED30016B802344A0C2D
:1096E000212E2DF5C02E232ED30003BC212ED50014
:1096F000032ED50040B21030212E77000130052F07
:10970000052ED8008090012F232E6FF5C02E212E1C
:10971000D90011308108012E6AF7713F23BD01087D
:10972000020AC02E212E6AF730250030212E5AF56C
:109730001050212E7B00212E7C00FB7F982EC3B77A
:109740004030212ED400FB6FF05F0325802EAFB791
:10975000802E00C1802E00C1802E00C1802E00C14D
:10976000802E00C1802E00C1802E00C1802E00C13D
:10977000802E00C1802E00C1802E00C1802E00C12D
:10978000802E00C1802E00C1802E00C1012E5DF709
:1097900008BC80AC0EBB022F003041048206C0A47E
:1097A0000030112F40A9032F40910D2F00A70B2F40
:1097B00080B3B358022F90A126132023809010303D
:1097C000012FCC0E002F0030B82EB550180808BC61
:1097D00088B60D17C6BD56BCB758DABA04011D0AC3
:1097E0001050053032254503FB7FF6302125982E99
:1097F00037CA16B59ABC06B880A8410A0E2F8090C9
:10980000022F2D50480F092FBFA0042FBF90062F05
:10981000B754CA0F032F002E022CB7522D52F23329
:10982000982ED9C0FB6FF137C02E0108F05FBF56EC
:10983000B954D040C4400B2EFDF3BF529042944225
:1098400095420530C1500F88064004419642C542FA
:1098500048BE73300D2ED8004FBA8442034281B304
:10986000022F2B2E6FF5062D052E77F7BD56930888
:10987000252E77F7BB54252EC2F5072EFDF3423077
:10988000B433DA0A4C00272EFDF34340D43FDC0802
:109890004342002E002E43402430DC0A4342048021
:1098A000032EFDF34A0A232EFDF36134C02E01423C
:1098B000002E60501A257A86E07FF37F0325C3527D
:1098C0004184DB7F3330982E16C21A257D82F06FDB
:1098D000E26F322516409440260185408E17C4421F
:1098E0006E039542410EF42FDB6FA05FB82EB0518E
:1098F000FB7F982EE80D5A25982E0F0ECB583287F5
:10990000C47F65896B8DC55A657FE17F837FA67FA4
:10991000747FD07FB67F947F1730C752C954517F70
:10992000002E856F427F002E5141458142411340F8
:109930003B8A00404B04D006C0AC857F022F02302A
:109940005104D306418405305D02C916DF08D300F7
:109950008D02AFBCB1B9590A656F1143A1B4524130
:1099600053410143347F657F2631E56FD46F982ED4
:1099700037CA326F756F83404241237F127FF630C2
:1099800040255125982E37CA146F2005706F256F1A
:109990006907A26F316F0B3004429B428B425542E4
:1099A000327F40A9C36F717F0230D040C37F032F45
:1099B0004091152F00A7132F00A4112F84BD982EBE
:1099C00079CA556FB75454418200F33F4541CB02E9
:1099D000F630982E37CA356FA46F4143032C0043ED
:1099E000A46F356F1730426F516F93404282004130
:1099F000C3000343517F002E944041414C02C46F89
:109A0000D156630E746F5143A57F8A2F092ED8005B
:109A100001B3212FCB58906F1341B66FE47F002E16
:109A20009141144092411540172E6FF5B67FD07FBB
:109A3000CB7F982E000C0715C26F140B292E6FF5E3
:109A4000C3A3C18FE46FD06FE62F1430052E6FF5DE
:109A5000140B292E6FF5182DCD560432B56F1C014D
:109A600051415241C340B57FE47F982E1F0CE46FF3
:109A7000218700430432CF545A0EEF2F1554092E7C
:109A800077F7220B292E77F7FB6F505EB82E105018
:109A9000012ED40000B2FB7F512F01B2482F02B239
:109AA000422F0390562FD752798042408184004044
:109AB0004242982E930CD954D750A14098BD824071
:109AC0003E82DA0A44408B16E3005342002E4340A4
:109AD0009A025242002E414015544A0E3A2F3A82C1
:109AE00000304140212E850F40B20A2F982EB10C34
:109AF000982E450E982E5B0EFB6FF05F0030802E87
:109B0000CEB7DD52D35442424F847330DB5283428E
:109B10001B306B422330272ED700372ED400212E46
:109B2000D6007A84172C42423030212ED400122DD8
:109B300021300030232ED400212E7BF70B2D17303F
:109B4000982E510CD5500C8272302F2ED400252E19
:109B50007BF74042002EFB6FF05FB82E70500A2555
:109B60003986FB7FE1326230982EC2C4B556A56FAC
:109B7000AB08916F4B08DF56C46F23094DBA93BCF5
:109B80008C0BD16F0B09CB52E15E5642AF094DBA37
:109B900023BD940AE56F68BBEB08BDB963BEFB6FDC
:109BA0005242E30AC02E4342905FD150032E25F368
:109BB000134000409BBC9BB408BDB8B998BCDA0AFE
:109BC00008B68916C02E190062021050FB7F982E2D
:109BD000810D012ED40031300804FB6F0130F05F9D
:109BE000232ED600212ED700B82E012ED700032E0B
:109BF000D600480E012F802E1F0EB82EE3502134C0
:109C000001428230C132252E62F50100223001402E
:109C10004A0A0142B82EE354F03B8340D808E5528B
:109C20008342003083305042C432272E64F59400C2
:109C300050424042D33F84407D82E3084042834209
:109C4000B82EDD52003040427C86B952092E700F8A
:109C5000BF54C442D3865440554094428542212E7D
:109C6000D7004240252EFDF3C0427E82052E7D00A6
:109C700080B2142F052E890027BD2FB98090022FA6
:109C8000212E6FF50C2D072E710F14301C09052E97
:109C900077F7BD5647BE9308940A252E77F7E75409
:109CA00050424A0EFC2FB82E505002304386E550E9
:109CB000FB7FE37FD27FC07FB17F002E4140004019
:109CC0004804982E74C01EAAD36F1430B16FE322DB
:109CD000C06F5240E46F4C0E1242D37FEB2F032E25
:109CE000860F40901130032F232E860F022C003058
:109CF000D06FFB6FB05FB82E4050F17F0A253C86D5
:109D0000EB7F41332230982EC2C4D36FF430DC098C
:109D10004758C26F9409EB586ABBDC08B4B9B1BDAF
:109D2000E95A950821BDF6BF770B51BEF16FEB6F75
:109D300052425442C02E4342C05F5050F550313021
:109D40001142FB7F7B300B421130028023330142F2
:109D50000300072E8003052ED3002352E27FD37F1A
:109D6000C07F982EB60ED16F080A1A257B86D07F49
:109D700001331230982EC2C4D16F080A00B20D2FE1
:109D8000E36F012E80035130C786232E21F208BCD9
:109D9000C042982EA5B7002E002ED02EB06F0BB863
:109DA000032E1B00081AB07F7030042F212E21F2E1
:109DB000002E002ED02E982E6DC0982E5DC0ED5036
:109DC000982E44CBEF50982E46C3F150982E53C78F
:109DD0003550982E64CF1030982EDC032026C06FAB
:109DE00002311242AB330B42378001300142F3376C
:109DF000F752FB504440A20A42428B31092E5EF7D3
:109E0000F954E30883421B4223334B00BC840B40CC
:109E1000333083420B42E07FD17F982E58B7D16F09
:109E2000803040420330E06FF3540430002E002EA7
:109E30000189620EFA2F43421130FB6FC02E01429E
:109E4000B05FC14A00006D570000778E0000E0FF50
:109E5000FFFFD3FFFFFFE5FFFFFFEEE1FFFF7C13F6
:109E6000000046E6FFFF00000000000000000000C8
:109E700000000000000000000000000000000000E2
:109E800000000000000000000000000000000000D2
:109E900000000000000000000000000000000000C2
:109EA000802E00C1802E00C1802E00C1802E00C1F6
:109EB000802E00C1802E00C1802E00C1802E00C1E6
:109EC000802E00C1802E00C1802E00C1802E00C1D6
:109ED000802E00C1802E00C1802E00C1802E00C1C6
:109EE000802E00C1802E00C1802E00C1802E00C1B6
:109EF000802E00C1802E00C1802E00C1802E00C1A6
:109F0000802E00C1802E00C1802E00C1802E00C195
:109F1000802E00C1802E00C1802E00C1802E00C185
:109F2000802E00C1802E00C1802E00C1802E00C175
:109F3000802E00C1802E00C1802E00C1802E00C165
:109F4000802E00C1802E00C1802E00C1802E00C155
:109F5000802E00C1802E00C1802E00C1802E00C145
:109F6000802E00C1802E00C1802E00C1802E00C135
:109F7000802E00C1802E00C1802E00C1802E00C125
:109F8000802E00C1802E00C1802E00C12F01002430
:109F900001022A01032B01032601042201052C01E1
:109FA0000509010604010C0502000302041D03005B
:109FB0000606020706020806021306061407000733
:109FC000000008000413000609000829000C2700FF
:109FD0000E28000E0000000001000000000000003C
:109FE0000000000000000000000000000000000071
:109FF0000000000000000000000000000000000061
:10A000000000000000000000000000000102020348
:10A010000405060708090A0B0C0D0E0F10100000AE
:10A020000000000000000102030406070809000008
:10A03000000001020304040000080000000000000A
:10A04000000200010000100002400000000000A01B
:10A050000000000005400000000000C800000000F3
:10A060000C4000000000409C00000000194000006F
:10A070000020BCBE0000000034400000BFC91B8EA1
:10A0800000000004B5400000504BCFD06607E2CF7F
:10A09000010000006C4100003E8251AADFEEA734AF
:10A0A00001000000D9420000DCB5A0E23A301F9761
:10A0B000FFFFFFFFB4450000FD25A0C8E9A3C14F85
:10A0C000FFFFFFFFFF3F00000000008000000000D6
:10A0D000FF3F0000000000800000000018A1000801
:10A0E00000000020840100006C0100086CA1000841
:10A0F00084010020BC130000C80100081C000000FF
:10A1000043000000F8FFFFFF0C0000000E000000FD
:10A110000F0000002E000000014040110301070263
:10A120000602080413101408044005203DABFD0787
:10A13000100717092EF1F2F3F412AB2309421A01AA
:10A1400012092A095905F10A1202840113021304A3
:10A15000021305021806597D0809124C4F4F504250
:0CA1600041434B1F29E551033D127A00DA
:0400000508000131BD
:00000001FF
