:020000040800F2
:10400000F026002051430008CD9900082D8F0008AC
:104010008D990008D95E000839A60008000000004C
:10402000000000000000000000000000B94200088D
:10403000E563000800000000FD420008DD9C000868
:104040006B4300086B4300086B4300086B43000898
:104050006B4300086B4300086B4300086B43000888
:10406000E76300086B4300086B4300086B430008DC
:104070006B4300086B4300086B4300086B43000868
:104080006B4300086B4300086B4300086B43000858
:104090002DA600086B4300086B4300086B43000823
:1040A0006B4300086B4300086B4300086B43000838
:1040B0006B4300086B430008E1A200086B43000853
:1040C0006B4300086B4300086B4300086B43000818
:1040D0006B4300086B43000815A6000821A60008E2
:1040E0006B4300086B4300086B4300086B430008F8
:1040F0006B4300086B4300086B4300086B430008E8
:104100006B4300086B4300086B4300086B430008D7
:104110006B43000889A300086B4300086B43000849
:104120006B4300086B4300086B4300086B430008B7
:1041300000F002F800F0B0F80AA090E8000C824409
:104140008344AAF10107DA4501D100F0A5F8AFF2E6
:10415000090EBAE80F0013F0010F18BFFB1A43F065
:104160000103184758BE000078BE00000A444FF013
:10417000000C10F8013B13F0070408BF10F8014BC6
:104180001D1108BF10F8015B641E05D010F8016B0B
:10419000641E01F8016BF9D113F0080F1EBF10F86F
:1041A000014BAD1C0C1B09D16D1E58BF01F801CB92
:1041B000FAD505E014F8016B01F8016B6D1EF9D515
:1041C0009142D6D37047000000230024002500262A
:1041D000103A28BF78C1FBD8520728BF30C148BF6A
:1041E0000B6070476E2900F0A783702900F0C18131
:1041F000662909F04385652909F04085672909F09A
:104200003D85612909F03C8503681B0A28BF41F000
:104210008001692900F03281642900F02F8175291D
:1042200000F02C816F2900F0A684782900F08D81A0
:10423000E92900F04184E42900F03E84F52900F0EA
:104240003B84EF2900F0A384F82900F08C810368F7
:10425000DB0928BF41F08001632900F0B083732996
:1042600000F0B583E32901F09B80F32901F0A080E1
:10427000002070471FB501F0F5F804000020002170
:1042800009F000FC401C60600020002109F0E4FB04
:10429000E0601FBD10B510BD01F0B6F81146FFF784
:1042A000E9FF07F0E7F801F093F903B4FFF7F2FF35
:1042B00003BC01F0D7F90000224B19680868B0E888
:1042C000F00F80F30988BFF36F8F4FF0000080F389
:1042D00011884EF00D0E704700000000064800687F
:1042E000006880F3088862B661B6BFF34F8FBFF3F2
:1042F0006F8F00DF00BF00BF08ED00E0EFF3098023
:10430000BFF36F8F0F4B1A6820E9F00F106008B5EC
:104310004FF0050080F31188BFF34F8FBFF36F8F0D
:1043200008F08EFC4FF0000080F31188BDE80840D3
:1043300019680868B0E8F00F80F30988BFF36F8F41
:10434000704700BF58010020EFF305807047000060
:104350000948804709480047FEE7FEE7FEE7FEE719
:10436000FEE7FEE7FEE7FEE7FEE7FEE70448054955
:10437000054A064B70470000699D0008314100085E
:10438000F0200020F0260020F0220020F022002063
:104390007CB51D4616460C00009001D02044401EFE
:1043A000074B7B442A4669460190304600F0DDFA0F
:1043B00005461CB10020694600F0EAFA28467CBD9B
:1043C000F50500000FB4044910B503AA029800F0E7
:1043D00003FB10BC5DF814FB3C00002070B50446E4
:1043E00085690068C10601D5302600E02026C00797
:1043F00007D070BDD4E9012130469047206A401CA7
:1044000020626D1EF6D570BD70B5044685690078D2
:10441000C00707D170BDD4E9012120209047206A50
:10442000401C20626D1EF6D570BD70B50C46054669
:10443000012A05D02878800600D5EA69002302E029
:10444000012305E05B1C934202D2E05C0028F9D115
:10445000A869E618C01AA861286A18442862284684
:10446000FFF7BCFF04E0D5E9012114F8010B9047E8
:10447000B442F8D32846FFF7C7FF70BD2DE9F041DD
:104480000646002410687529314616A510D000F0A4
:10449000E8F9002802DA404213A507E031688A07EC
:1044A00001D512A502E0490704D511A5012401E0B8
:1044B00000F0E0F900210A2206F1240709E0B0FB30
:1044C000F2FCB0FBF2F302FB1C00303078541846CB
:1044D000491C0028F3D123462A463046BDE8F04166
:1044E00000F0D1B9000000002D0000002B000000FA
:1044F00020000000F0B40D460188090502D5214CCA
:104500007C4402E01F4C7C440E34002100F1240660
:1045100008E002F00F071209E75D42EA03721B0987
:104520007754491C52EA0307F3D10278002312079B
:1045300004D5702D06D009B1022311342246F0BCF7
:1045400000F0A1B901231034F8E770B504460D4618
:104550002146106800F08EF9024629462046BDE843
:1045600070400023C6E7D21D22F00703D3E90023E1
:10457000C0E70368126843F0200303600823C361A7
:104580000023B7E79AB900002DE9F05F8946044699
:104590004FF0000ADFF874B1FB44C0F820A02046B9
:1045A000E1688847002874D0252806D0D4E9012185
:1045B0009047206A401C2062F1E700265F462046B3
:1045C000E16888472028054607DB312D05D2781998
:1045D00010F8200C08B10643F1E7B00701D526F02A
:1045E0000406C4F81CA00027C4F818A02A2D09D07E
:1045F000284606F055F838B304EB8708303DC8F874
:10460000185019E059F8041B204604EB8702916109
:10461000E1688847012F054618D1E069002820DAB3
:1046200026F020061DE0D8F8180000EB800005EB0E
:1046300040003038C8F818002046E1688847054631
:1046400006F02EF80028EED1012F0AD02E2D08D129
:104650002046E16888477F1C0546022F46F0200669
:10466000C4DBA069002803DA404246F00106A061DD
:10467000F00701D026F010066C2D0BD0682D09D064
:104680004C2D39D06A2D35D0742D35D07A2D33D0BC
:1046900016E038E0E1682F4620468847B8420546D4
:1046A00009D16C2F26D04FF48060E1680643204684
:1046B0008847054604E06C2F1AD04FF480700643FB
:1046C0000DB3A5F14100192802D8203546F4006643
:1046D0004A462946204626604E46FFF783FD80B1B4
:1046E00001280BD0F61D26F0070000F1080956E757
:1046F0004020E4E78020D8E70020D6E706F104094F
:104700004DE7284652E7206ABDE8F09F2AB900002D
:10471000032A40F2308010F0030C00F0158011F8ED
:10472000013BBCF1020F624498BF11F801CB00F8C5
:10473000013B38BF11F8013BA2F1040298BF00F819
:1047400001CB38BF00F8013B11F0030300F02580D6
:10475000083AC0F0088051F8043B083A51F804CBFD
:10476000A0E80810F5E7121D5CBF51F8043B40F8C3
:10477000043BAFF30080D20724BF11F8013B11F8CE
:1047800001CB48BF11F8012B24BF00F8013B00F812
:1047900001CB48BF00F8012B704710B5203AC0F09C
:1047A0000B80B1E81850203AA0E81850B1E8185032
:1047B000A0E81850BFF4F5AF5FEA027C24BFB1E86F
:1047C0001850A0E8185044BF18C918C0BDE81040E0
:1047D0005FEA827C24BF51F8043B40F8043B08BFE9
:1047E0007047D20728BF31F8023B48BF11F8012BB0
:1047F00028BF20F8023B48BF00F8012B704702F0A9
:10480000FF0343EA032242EA024200F0CDB94FF02F
:10481000000200B5134694469646203922BFA0E810
:104820000C50A0E80C50B1F12001BFF4F7AF09071C
:1048300028BFA0E80C5048BF0CC05DF804EB89000D
:1048400028BF40F8042B08BF704748BF20F8022B50
:1048500011F0804F18BF00F8012B70477047704768
:10486000704709684A0501D540B27047C905FCD5B3
:1048700000B2704709684A0501D5C0B27047C90542
:10488000FCD580B270472DE9F0470D469946924617
:10489000044600F124080168880604D5E06921F087
:1048A0001001216000E00120A84201DD471B00E06B
:1048B0000027A1697A1902EB0900081AA061207883
:1048C000C00602D42046FFF789FD002608E0D4E99F
:1048D00001211AF806009047206A401C761C2062CD
:1048E0004E45F4DB2078C0060AD52046FFF776FD5A
:1048F00006E0D4E9012130209047206A401C206264
:10490000381EA7F10107F4DC07E0D4E9012118F80B
:1049100005009047206A401C2062281EA5F1010571
:10492000F3DC2046FFF770FD2078000602D5022058
:10493000BDE8F0870120FBE711680268006A5305B3
:1049400001D508700AE0D30501D5088006E01306FA
:1049500003D5C217C1E9000200E0086001207047DA
:1049600001694A1C02610878704700B58FB0CDE933
:1049700001310021059105497944CDE90310114623
:104980006846FFF701FE0FB000BD0000E5FFFFFF26
:104990000A6802F8010B0A607047D1E900239A42C5
:1049A00002D2531C0B601070704710B5436913B1ED
:1049B000AFF3008001E0FFF738FD012010BD127851
:1049C00000F124010A7000224A700122EDE711680B
:1049D0004FF0FF32E9E70000074B70B50D467B440E
:1049E000FFF7C3FF0446284600F0E6FC10B14FF085
:1049F000FF3070BD204670BD9F6700002DE9FF5F4E
:104A000015468A460446DFF8AC80F8440027D8E90A
:104A100000103E46CDE9001010E03AF816106A4644
:104A200002A800F0CDFC411C07D02178890603D5EF
:104A3000E269391891420DD80744761C2078800627
:104A400002D5E069B84205DDAE42E6DB3AF8160071
:104A50000028E2D1A069C01BA0612046FFF7BEFC80
:104A6000D8E90010CDE90010002017E03AF818103E
:104A70006A4602A800F0A4FCB0F1FF3F81460BD0CB
:104A800000250DF1080B05E0D4E901211BF8050014
:104A900090476D1C4D45F7D308F10100B0428046A8
:104AA000E4DB206A384420622046FFF7ADFCBDE815
:104AB000FF9F0000CAB400002DE9F0418046D21DDE
:104AC00022F007020025D2E90002F52915A614D02C
:104AD000011E72F1000106DA0023D0EB030063EB44
:104AE000020211A608E0D8F800108B0701D50FA626
:104AF00002E0490701D50EA601251146002408F160
:104B0000240704E000F070F830323A55641C50EA93
:104B10000102F7D12B46324621464046BDE8F0411E
:104B2000FFF7B1BE000000002D0000002B000000C8
:104B30002000000030B4002100F1240408E002F05D
:104B40000705D208303542EA4372DB086554491C38
:104B500052EA0305F3D10468002310A2250707D504
:104B6000A40600D421B1C46901230DA2641EC4614E
:104B700030BCFFF788BE10B5044621461068FFF729
:104B800079FE02462046BDE810400023D2E7D21D40
:104B900022F00701D1E90023CCE70000000000006B
:104BA000300000004FF000020429C0F0128010F025
:104BB000030C3FF42EAECCF1040CBCF1020F18BF75
:104BC00000F8012BA8BF20F8022BA1EB0C01FFF786
:104BD00020BE5FEAC17C24BF00F8012B00F8012B46
:104BE00048BF00F8012B704730B5B0F10A024FEA18
:104BF000900E71F100034EEA817EB0EB0E0061EB86
:104C000091014FEA101E4EEA017E10EB0E0041EBBF
:104C100011114FEA102E4EEA016E10EB0E0041EB1F
:104C200011214FEA104E4EEA014E10EB0E0041EBFF
:104C30001141401841F100014FEAD00040EA4170B3
:104C40004FEAD10110EB80054FEA810444EA9074E9
:104C500044EB01046D1944EB0404521BA3414FF0D3
:104C6000000348BF0A3200D530BD401C41F10001AD
:104C700030BD70472DE9FF4F0C461E464FF0FF3701
:104C80008BB0D2E90001DDF860800A908A46C1F35A
:104C90000A5505B93D46002108464FF00000BAF11B
:104CA000000F00F4400005DA00EB80004FF44001F3
:104CB00001EA50004FEA9059B9F1010F00DDB94601
:104CC0000A9850EA4A000ED044F61050A5F2FF357B
:104CD00045432F14B8F1000F1ED07542291E1EDD6A
:104CE000C9F100021CE0B8F1010F4FF0000001D043
:104CF000302103E0F24305E02154401CB042FBDBCD
:104D000030460022002121540B99C1F80880C1E9E6
:104D100000200FB0BDE8F08FBD1B6D1CDEE74A46DA
:104D200000DA694206A800F0E1FB06AB93E8070051
:104D300003AB83E8070050460A9900F09AFC8DE81F
:104D40000700A0F500501F3800900398002D0ADDE1
:104D500042F21F014A460844002303A90390684613
:104D600000F003FF09E0A0F500504A461F38002379
:104D700003A90390684600F00DFF8DE807000004CA
:104D8000000C03D04FF0FF30410800E01046B8F1AE
:104D9000000F03D00022009215461EE0751E05D4B8
:104DA000FFF722FF303262556D1EF9D5B34601225E
:104DB000084302D000227F1C04E02078302801D173
:104DC00000227F1E002A099784D01DE0112D07DAEA
:104DD000FFF70AFF303262556D1C50EA0102F5D12F
:104DE000084302D00098C8B10EE00021681E05E01B
:104DF000235C625C63542254401E491C8142F7DBF1
:104E0000AB46A81B401E0990002004F80B000B982D
:104E1000099AC0F80880C0E9002B7AE711264FF004
:104E2000000857E72DE9F04F88460446D21D22F0CE
:104E3000070191B0D1E90001CDE90A0105F0FDFBC0
:104E400002460B98C00F01D02D2007E02068810793
:104E500001D52B2002E0202101EAC000032A09909D
:104E600001D0072A05DB03464146204600F0FEFA42
:104E70000BE12078800601D5E06900E00620B8F15A
:104E8000650F814606D0B8F1660F18D0B8F1670FEC
:104E900070D131E00020B9F1110F009001DB112336
:104EA00001E009F101030AAA01A90CA8FFF7E2FE3B
:104EB000DDE90C70002609F10105834647E0012079
:104EC0004B4600904FF000470AAA01A90CA8FFF733
:104ED000D1FEDDE90DB00C995D46002610B909F14F
:104EE00001000D18B9EB050003D4C0F1FF3609F13C
:104EF0000105A5EB09002BE0B9F1010F01DA4FF034
:104F000001090020B9F1110F0090484601DD11237D
:104F100000E003460AAA01A90CA8FFF7ABFEDDE9F1
:104F20000C704D4600268346207800070AD4AB4516
:104F300000DA5D4601A8012D04DD411911F8011CBC
:104F4000302907D04F4502DA17F1040F04DA0120A7
:104F500082460FE06D1EEEE7002F02DCED1B3E44A3
:104F600003E0781CA84200DD7D1CB81B00F1010A9B
:104F70004FF000472078000703D4AA4501DB4FF02B
:104F8000FF3A0021B7F1004F0DF143088DF84310AF
:104F900024D002202B23002F01DA7F422D230A2167
:104FA000021EA0F1010000DC5FB197FBF1FC97FB52
:104FB000F1F201FB1C7C17460CF1300C08F801CD16
:104FC000EEE7A8F1010003702188090501D545210C
:104FD00000E06521A0F1010800F8011C09980FA963
:104FE000A1EB0807FF1D00B10120411901EBEA7098
:104FF000A1693844081A401EA0612078C00602D476
:105000002046FFF7EBF9099828B1D4E90121904730
:10501000206A401C20622078C00622D52046FFF777
:10502000DDF91EE0002E04DBB34502DD01A8805D42
:1050300000E03020D4E901219047206A401C206222
:10504000761CAAF101005FEA000A0AD100F00AFA10
:10505000C0680168405CD4E901219047206A401C87
:105060002062281EA5F10105DCDC07E0D4E901215E
:1050700018F8010B9047206A401C2062381EA7F1E7
:105080000107F3DC2046FFF7BFF9032011B041E62A
:105090002DE9F04F04460D46D21D22F0070089B0DD
:1050A000D0E900974846394605F0C7FA0246F80F9E
:1050B00001D02D2307E02068810701D52B2302E0D2
:1050C000202101EAC0038DF820300BB1012000E05F
:1050D0000020032A824601D0072A04DB2946204605
:1050E00000F0C4F93FE12078800601D40D2500E0EE
:1050F000E569C7F30A560D2D49DA00214FEA175B1F
:1051000008464FF00000002F00F4400007DA00EBE3
:1051100080004FF4400100EBD07001EA600081157F
:10512000012901DD4FF0FF3100224FEA850CBCF16F
:10513000180F06D31346ACF118004FF08052C2404E
:1051400003E04FF4801323FA0CF30CF10C0CBCF1C8
:10515000200F04D3ACF1200C09FA0CF001E007FA9F
:105160000CF000294FF0004801DD18B90FE00ED116
:1051700040450CD319EB02095F4121B9404502D1EA
:105180009F4329EA0209BBEB175F00D0761C2088F9
:10519000000502D57B48784402E07A487844193803
:1051A00008AA302302F80A30037C0AF10101002E1C
:1051B0000AF1020A53546A4602DC4FF0300101E062
:1051C0004FF031014FF001088DF8001002D0A6F227
:1051D000FF3603E059EA470100D06B4E002D02DC98
:1051E0002178090704D54FF002082E218DF801100F
:1051F000C44600210BE0C7F303433F01C35C491CD5
:105200006D1E02F80830052908F1010801DA002DA9
:10521000F1DC00210CE000EB1973491C1B786D1EBA
:10522000082902F808304FEA091908F1010801DAE3
:10523000002DF0DC21688B0602D516E0A8F10108EC
:10524000E04505DD02EB080313F8013C302BF5D0F7
:10525000B8F1000F09DD02EB080313F8013C2E2B17
:1052600003D1090701D4A8F10108002D05DD3E2175
:1052700002F808106D1E08F10108407C002E02F8AB
:10528000080008F1010804DA2D20764202F808002F
:1052900002E02B2002F808000A214FF47A708642BF
:1052A00008F101080BDB96FBF0F3303302F808300D
:1052B00096FBF0F308F1010800FB136601E0642E91
:1052C0000CDB642096FBF0F3303302F8083096FBD9
:1052D000F0F308F1010800FB136601E00A2E06DB7B
:1052E00096FBF1F0303002F8080008F1010896FB57
:1052F000F1F001FB1060303002F80800A16908F1FC
:10530000010808EB050202EB0A00081AA0612078E8
:10531000C00602D42046FFF761F8216A08AE01EB0F
:105320000A00206204E0D4E9012116F8010B90473D
:10533000BAF1010AF7D22078C00602D52046FFF75D
:105340004DF86E4609E016F8010B3E280FD0D4E95F
:1053500001219047206A401C2062B8F10108F2D276
:105360002046FFF751F809B00320BDE8F08F206A0E
:105370002844206203E0D4E90121302090476D1ECB
:10538000EBD3F8E759AD000002FCFFFF10B543690D
:1053900013B1AFF3008001E0FFF730FB012010BD37
:1053A000128800F1240182840022C2840122EDE7E8
:1053B00011684FF0FF32E9E7007B00F08000704792
:1053C00070B516460C46054600F044F8036893F89D
:1053D0000101012806D0FF2C0FD8185D68B101200B
:1053E0002C7070BDD3F807013246214603F2071333
:1053F00003442846BDE8704018474FF0FF3070BDA9
:1054000000487047902000207546FFF7F9FFAE4630
:1054100005006946534620F00700854618B020B5C0
:10542000FEF7A4FFBDE820404FF000064FF0000754
:105430004FF000084FF0000B21F00701AC46ACE83C
:10544000C009ACE8C009ACE8C009ACE8C0098D46A9
:105450007047000010B500F005F8001D10BD00BF3A
:105460002586000000487047B02000202DE9F0415B
:105470001F46044603260168072A01F4006004DB86
:1054800008B116A505E016A503E008B115A500E0D2
:1054900015A521F010002060A069C01EA0610FB109
:1054A000401EA0612046FEF799FF4FB1D4E90121CB
:1054B00038469047206A401C2062C01C206206E0EB
:1054C000206AFAE7D4E9012115F8010B9047761E0E
:1054D000F8D22046FEF798FFBDE8F0814E414E001D
:1054E0006E616E00494E4600696E66002DE9F04718
:1054F000814616468AB0354878440DC88DE80D00BF
:1055000032487844801C03AC0DC884E80D0041F695
:105510009B300844372190FBF1F290FBF1F5A5F1A7
:10552000800501FB12041B3C02D56442012000E00F
:105530000020DFF898A080460027FA44AAF1BE0AAE
:105540000EE0E0070AD03246684607EB4701012328
:105550000AEB810100F01EFB8DE8070064107F1C40
:10556000002CEED1194F7F44AE3F19E0E80715D06B
:1055700007EB04100DF1180A90E80E008AE80E00FF
:10558000C068F04201D1981908903246012306A95B
:1055900003A800F0FFFA03AB83E807006D10641C5A
:1055A000002DE3D14FF0010332466946B8F1000FF8
:1055B00003A802D000F0D9FA01E000F0EBFAC9E943
:1055C0000001C9F808200AB0BDE8F08788AA0000E9
:1055D00010B50446AFF300802046BDE81040FEF74A
:1055E00064BE00004FF0013C50F8042B51F8043B1E
:1055F0009A4221D1A2EB0C03934313EACC1317D1A7
:1056000050F8042B51F8043B9A4215D1A2EB0C033D
:10561000934313EACC130BD150F8042B51F8043BFD
:105620009A4209D1A2EB0C03934313EACC13DBD0CB
:105630004FF00000704700BFD01A01BAB1FA81F1F3
:1056400001F0180122FA01F0CB40C1F12001DBB2D8
:10565000C0B2C01A2CFA01F3D11A914311EAC31156
:10566000E6D1704701491820ABBEFEE726000200D4
:1056700070475FEA400C08BF91F0000F4FEA8C239F
:105680004FEAC12243EA51514FEA1C5018BF00F5BE
:10569000F0404FEA300018BF41F000415FEA6C5C17
:1056A00000F02980BCF1FF3F08BF40F08040704708
:1056B000130C06BF12044FF0100C4FF0000C130E29
:1056C00004BF12020CF1080C130F04BF12010CF1FD
:1056D000040C930F04BF92000CF1020CD30F04BF13
:1056E00052000CF1010C11464FF00002A0F11F0016
:1056F000A0EB0C00704711F0004F08BF704731F06D
:1057000000413FF4D5AF0B0C06BF09044FF0100C5D
:105710004FF0000C0B0E04BF09020CF1080C0B0F2C
:1057200004BF09010CF1040C8B0F04BF89000CF1BC
:10573000020CCB0F04BF49000CF1010CCCF120038B
:10574000A0EB0C0022FA03F302FA0CF241EA030187
:1057500000F10100704720F07F4C80EA030023F045
:105760007F47ACEB070303F57C5300F0004003F1E7
:10577000FF032DE980494FEA154B09B44FEA144362
:1057800025EA0B4E24EA03480FF2042606EB132702
:1057900049083E785FEA320203FB0667C7F5000757
:1057A00007FB06F64FEA54374FEAD64606F10206E3
:1057B00007FB066CCCF1005C4FEA1C472CEA074C57
:1057C00007FB06F40CFB06F504EB15464FEA9616AC
:1057D00034BF00204FF000404FEAD13706FB07FCF2
:1057E0004FEA1C4C0CFB0BF7D21B03FB0CF761EBD5
:1057F00007010CFB0EF7B0EB074072EB17420CFBF6
:1058000008F734BFA2EB0742B2EB074261EB174146
:105810004FEA0C444FEA910706FB07FC4FEA1C4C89
:105820000CFB0BF7B0EBC74072EB573203FB0CF7E6
:1058300034BFA2EBC742B2EBC74261EB57310CFB5E
:105840000EF7B0EBC70072EB57720CFB08F734BFD2
:10585000A2EBC702B2EBC70261EB5771039F4FEA9D
:10586000816141EA921104EBCC044FEAD1374FEA4F
:10587000826206FB07FC42EA90124FEA80604FEA20
:105880001C4C0CFB0BF7D21B03FB0CF761EB070165
:105890000CFB0EF7B0EB074072EB17420CFB08F75E
:1058A00034BFA2EB0742B2EB074261EB17414FEA6C
:1058B0008C554FEA910704EB9C2406FB07FC4FEA4A
:1058C0001C4C0CFB0BF7B0EBC74072EB573203FBE1
:1058D0000CF734BFA2EBC742B2EBC74261EB5731C2
:1058E0000CFB0EF7B0EBC70072EB57720CFB08F71E
:1058F00034BFA2EBC702B2EBC70261EB577115EBE5
:105900004C254FEA816141EA92114FEA82624FEAE7
:10591000D13742EA901206FB07FC44F100044FEA3B
:1059200080604FEA1C4C0CFB0BF7D21B03FB0CF7FF
:1059300061EB07010CFB0EF7B0EB074072EB17426F
:105940000CFB08F734BFA2EB0742B2EB074261EB56
:10595000174115EB1C154FEA813141EA92414FEA9C
:10596000823242EA90424FEA80304FEA0C7644F1AC
:10597000000448EA03434EEA0B484FF0000EB2EB36
:10598000080C71EB030724BF624639464EEB0E0E3E
:105990004FF0000B0018524149414BEB0B0BB2EB9F
:1059A000080C71EB03077BF1000B24BF62463946FC
:1059B0004EEB0E0E4FF0000B0018524149414BEBDD
:1059C0000B0BB2EB080C71EB03077BF1000B24BF50
:1059D000624639464EEB0E0E51EA020718BF46F0FA
:1059E000010616EB0E7655F1000254F1000103D5C5
:1059F000BDE88901BDE80088BDE88901BDE800482F
:105A0000B619524141EB0101A3F1010370478080B7
:105A10007F7E7D7C7B7A7978777676757473727108
:105A200071706F6E6E6D6C6C6B6A6A6968686766C0
:105A300066656464636362616160605F5F5E5E5D52
:105A40005D5C5C5B5B5A5A595958585757565655C6
:105A500055555454535352525251515050504F4F28
:105A60004F4E4E4D4D4D4C4C4C4B4B4B4A4A4A4978
:105A700049494848484747474746464645454544BB
:105A80004444444343434342424242414141002B48
:105A90009C4630D477002BD01CB54FEA370703B4AF
:105AA0004FF010004FF01001BAF1000F06D0BCF11A
:105AB000000FDCBF40F0080040F008014FF000008C
:105AC0000FBCBDE810400BF1010BBBF1010F08BF8B
:105AD0005FEA170722BF12F1010211F101014FF035
:105AE000004143F1000300F0004043EA000070472A
:105AF000F9D35708D0E746EA064613F1400F4FEABC
:105B000016461FDD13F1200FDFBF16430A460021A2
:105B100020335B42BED0C3F1200746EA064602FAB4
:105B200007F74FEA164646EA0706C3F1200722FAAE
:105B300003F201FA07F721FA03F14FF0000342EAFA
:105B40000702A7E746EA020646EA06464FEA164675
:105B500046EA0106BCBF46EA0646360C4FF0000393
:105B60004FF000024FF0000194E72DE9804C9A4677
:105B7000934670B491E8380007C831EA400C48BF3A
:105B800034EA430C03D5FFF7E6FDFFF780FFF0BCD6
:105B9000BDE8008C2DE9804C9A46934670B491E89C
:105BA000380007C810F0804F08BF13F0804F03D1B2
:105BB00000F005F8FFF76BFFF0BCBDE8008C20F0AB
:105BC0007F4780EA030023F07F4C07EB0C03A3F52B
:105BD0007C5300F00040A3F1FE0392F0000F00F0B0
:105BE000B38095F0000F00F077802DE901494FEA6E
:105BF00011404FEA144621EA004800FB06FC24EA63
:105C0000064708FB06F607FB08F800FB07F718EB4A
:105C100006484CEB164C4FEA124B18EB07484FEA7C
:105C200015464CEB174022EA0B4E0BFB06FC25EA0F
:105C300006470EFB06F607FB0EFE0BFB07F71EEBF7
:105C4000064E4CEB164C4FF000061EEB074E4CEB8D
:105C5000174B18EB0B0840F1000018EB0E0B58EB3C
:105C6000000840F100008F1A4FF000013CBFC9430B
:105C7000661B14BFB5EB040C00213CBFC943F61BE7
:105C80004FEA17444EEA8E0E27EA04454FEA1C47B6
:105C900004FB07622CEA074C05FB07F70CFB05F633
:105CA00004FB0CFC16EB074642EB174216EB0C46C6
:105CB00042EB1C421BEB060658EB0202414146EA4E
:105CC0009E0601D5BDE80189B619524141EB01019B
:105CD000A3F10103BDE801894FEA14454FEA1147DA
:105CE00024EA054621EA074C05FB07F406FB07F703
:105CF0000CFB06F105FB0CFC11EB074144EB1744D0
:105D00004FEA124711EB0C4144EB1C4422EA074CCA
:105D100005FB07F206FB07F70CFB06F605FB0CFC80
:105D200016EB074642EB174216EB0C4642EB1C45BE
:105D30006A1854F1000148BF7047B619524141EB4F
:105D40000101A3F10103704795F0000F37D04FEA2E
:105D500011424FEA144721EA024624EA074C02FBAB
:105D600007F106FB07F70CFB06F402FB0CFC14EB37
:105D7000074441EB17414FEA154714EB0C4441EB44
:105D80001C4125EA074C02FB07F506FB07F70CFB55
:105D900006F602FB0CFC16EB074645EB174516EB27
:105DA0000C4645EB1C42121951F1000148BF7047E7
:105DB000B619524141EB0101A3F1010370474FEACB
:105DC00014454FEA114724EA054621EA074C05FB32
:105DD00007F106FB07F70CFB06F24FF0000605FB88
:105DE0000CFC12EB074241EB174112EB0C4251EB5A
:105DF0001C4148BF7047921841EB0101A3F1010318
:105E00007047000070B5044600688168C943C9073F
:105E100017D1816821F00101816001F085FA054602
:105E20000AE000BF01F080FA401B022804D9206874
:105E30008068C043C00706D020688068C043C007A0
:105E4000F0D0002070BDA06A40F01000A062E06AAF
:105E500040F00100E062012070BD0000F8B50026AE
:105E60000446009600688168C943C9072DD081683F
:105E700041F001018160164816490068B0FBF1F05D
:105E800000E0401E00900028FBD101F04DFA0546CD
:105E900016E000BF01F048FA401B022810D9206824
:105EA0008068C043C0070BD0A06A40F01000A06219
:105EB000E06A40F00100E06284F824600120F8BD4F
:105EC00020688068C043C007E4D10020F8BD00000E
:105ED0005401002040420F00FEE700001CB58DF881
:105EE00000100D49086000208860C860012008612A
:105EF0000948283800F0A3FD0028F9D0064901AB75
:105F00006A46A1F1280000F023FC002802D003A07B
:105F1000FEF758FA1CBD00000C0D002043414E2036
:105F200041434BB7A2CBCDCAA7B0DCA3A10D0A0059
:105F30001CB50B0A8DF800208DF801100D498DF865
:105F40000230086000208860C860032008610948AA
:105F5000283800F074FD0028F9D0064901AB6A46E4
:105F6000A1F1280000F0F4FB002802D002A0FEF707
:105F700029FA1CBD0C0D002043414E2041434BB774
:105F8000A2CBCDCAA7B0DCA3A10D0A008EB0B34F3F
:105F9000DFF8CCB240F2011A0DF108084FF0000909
:105FA0004FF0FF320AA8396805F0FCFBDDE90A0171
:105FB000102874D10FC90DF1080C8CE80F0008F1FE
:105FC000050007F03FFD9DF81410029D884204D0A3
:105FD000FF212846FFF782FFE2E7B5F5807F04D076
:105FE000554502D0B5F5817F78D19DF80E609DF8BA
:105FF0000F1006EBC60C0CEB0B049DF810009DF87F
:1060000011309DF8122004F8086C04F8051C04F8FF
:10601000040C04F8033C04F8022CA4F10900092143
:10602000079004F019FF04F8010C14F8091D8DA065
:1060300006F0B4FB617890A006F0B0FBA17893A0C5
:1060400006F0ACFBE17896A006F0A8FB217999A0B8
:1060500006F0A4FB61799CA006F0A0FBA1799FA0AB
:1060600006F09CFBE179A2A006F098FB217AA5A09E
:1060700006F094FBA8A006F091FBAB208DF8200061
:106080008DF8216007208DF8220047208DF823002D
:10609000B5F5807F04D0554504D1012003E087E0A9
:1060A000002000E002208DF824008DF825900721C3
:1060B00008A804F0D1FE8DF82600072208A99D4803
:1060C00003F066FC0A2005F04DFB09229948079968
:1060D00003F05EFC00212846FFF700FFA5F5807065
:1060E000033808D0A5F58060013824D0A5F580607C
:1060F000023859D05CE000212846FFF7EFFE8E4AB7
:106100009DF80E00D2E90012CDE900128DF80100D1
:106110000521684604F0A0FE8DF8040005226946BA
:10612000844803F035FC85480022B0F90010284669
:10613000FFF7FEFE3CE0824C4E46C4F80890BDF8E6
:106140000E0040BA01049DF8100041EA00219DF8BC
:10615000110001437BA0616006F020FB606810B174
:10616000B0F5E03F08D97DA006F018FBFF212846D6
:10617000FFF7B4FE667013E7607880B1FF21284610
:10618000FFF7ACFE7848D0F8B81478A006F006FB0C
:10619000A1787BA006F002FB617880A043E001209B
:1061A0006070A0700021EAE7654C6078022803D097
:1061B000012005F0D7FAF3E6D4E90101411A0429D8
:1061C00000D2A168A168421A042A0EDBDDF80E0095
:1061D000009004226946206A05F0E8FBA068001DD3
:1061E000A060206A001D206213E0501E164603289E
:1061F0000FD26EA008F106010068019001A8FEF719
:1062000087FA042201A9206A05F0D0FBA068304477
:10621000A060A0686168884208D200212846FFF784
:106220005DFEA16862A006F0B9FAB9E684F80190B3
:10623000A16864A006F0B2FAFE212846FFF74EFEE0
:1062400006F0D2F84FF0AA3006F09CFD42F2107032
:1062500000F044FF01F0ECFBA2E600001400002077
:106260009400002061727261795B305D3D30782569
:106270003032580D0A00000061727261795B315D45
:106280003D3078253032580D0A000000617272618D
:10629000795B325D3D3078253032580D0A000000C0
:1062A00061727261795B335D3D3078253032580D13
:1062B0000A00000061727261795B345D3D307825BF
:1062C0003032580D0A00000061727261795B355DF1
:1062D0003D3078253032580D0A000000617272613D
:1062E000795B365D3D3078253032580D0A0000006C
:1062F00061727261795B375D3D3078253032580DBF
:106300000A000000636865636B73756D3D30782526
:106310003032580D0A0000002D2D2D2D2D2D2D2D44
:106320002D2D2D2D2D2D2D2D2D2D2D2D2D2D0D0AE0
:10633000000000002806002064DD00084401002061
:10634000180000206F74615F746F74616C5F6C651E
:106350006E2069732025750D0A0000006F7461209E
:106360006572726F720D0A002808002063616E5119
:10637000756575652E73697A653D25640D0A0000A3
:106380006F74615F70656E64696E675F7265717569
:106390006573743D25640D0A000000006F74615F31
:1063A0007374617475733D25640D0A00FFFFFFFF70
:1063B0006F74615F726563765F6C656E3A09256420
:1063C0000D0A00006F74612066696E6973682C2085
:1063D0006F74615F726563765F6C656E203D20252A
:1063E000750D0A007047042000F08CBE72B6FEE7FF
:1063F000F8B50024009490F824202546012A12D0F4
:10640000012280F824204A681F23072A0DD206683B
:10641000776B521E02EB820293409F430B689340BE
:106420001F43776319E00220F8BD06680D2A0AD2DF
:10643000376BD21F02EB820293409F430B6893405D
:106440001F43376309E0F76A0D3A02EB820293407B
:106450009F430B6893401F43F7620A68072306684F
:106460000A2A0AD3F7680A3A02EB420293409F4392
:106470008B6893401F43F76008E0376902EB4202E4
:1064800093409F438B6893401F4337610A68102AEB
:1064900001D0112A20D1124B02689A4217D1936879
:1064A0001B0219D4936843F4000393600968102910
:1064B00012D10C490C4A0968B1FBF2F101EB8101E0
:1064C000490000E0491E00910029FBD104E0816AE7
:1064D00041F020018162012480F824502046F8BD5B
:1064E000002401405401002040420F000068C06CAD
:1064F000704700002DE9F04104004FF000057FD007
:10650000A06A002628B9E66284F82460204600F0DC
:1065100081F82046FFF776FCA16AC90600D420B1B5
:10652000A06A40F01000A0626AE0A16A21F48851DC
:1065300041F00201A162334923688B42E16904D131
:10654000B1F5402F01D14FF40021277B4FF4807C1F
:1065500041EA470261680A43A168614508D0012900
:1065600006D0002194F814E0BEF1010F02D00AE039
:106570006146F7E7C7B1A76A47F02007A762E76A55
:1065800047F00107E7625F6827F469470F435F60E0
:10659000236899681C4F394011439960A16861458F
:1065A0000BD0012909D00CE0DFF860E0A7690EEB01
:1065B00047370F4347F40061E5E7218A0D05A5F54C
:1065C00080152168CB6A23F470032B43CB622168CA
:1065D00089680F4B1940914208D1E662A16A21F007
:1065E000020141F00101A162BDE8F081A06A20F042
:1065F000020040F01000A062E06A40F00100E0629A
:106600000120F1E7003C0140FDF7E1FF00E0FFFF62
:10661000FE0E1FFF00B585B000210091019102918F
:10662000039100680E49884218D10E48816941F4EF
:1066300000718161816901F400710491816941F007
:10664000100181618069694600F01000049001200A
:10665000009003200190044800F060FD05B000BDEB
:1066600000240140001002400010014070B50446B3
:1066700090F8240001280DD0012084F82400204641
:10668000FFF7ECFB02004FF0000005D084F8240077
:10669000104670BD022070BDA16A40F201239943EB
:1066A00041F48071A1621F4D23681F49AB4218D18C
:1066B0000E6816F4702F14D0A66A46F48016A662EF
:1066C0000E68760505D5A66A26F4005646F480566F
:1066D000A662A66AF6040AD5E66A26F00606E6620F
:1066E00006E0A66A26F48016A6625E68E9E7E06224
:1066F00084F824006FF00200186020688368C3F3F8
:106700004243072B05D1A84208D1096811F4702F24
:1067100004D0816841F480118160B9E7816841F457
:10672000A001F9E7002801400424014090F820204E
:10673000012A07D0022A05D0416A41F48021416232
:1067400001207047006842690A4342610020704797
:10675000F0B590F820500468A468012D05D0022DF2
:1067600003D0416A41F4802163E014F0406F01D10D
:10677000E5005BD5650101D5002408E0250101D5C0
:10678000012404E0E40001D5022400E003240125F3
:10679000A5401D608D684FF4C073A5B1CE68354328
:1067A0004E6845EAC60500BF066803EB0417F551BD
:1067B0004FF4C275076805EB04150E697E51097D1B
:1067C000012905D009E00E88CD6845EA4655EBE77A
:1067D00001684E5946F480764E511179D579567933
:1067E00041EA056195792D0445EA062529434FF4D0
:1067F000C676056806EB0416A9511178D57841EAEA
:106800000561957852782D0445EA022211434FF430
:10681000C475026805EB04155151006803EB0411BF
:10682000425842F0010242500020F0BD416A41F45A
:10683000001141620120F0BD10B590F820300268CF
:10684000012B07D0022B05D0416A41F4802141621F
:10685000012010BDD2F8000240F00100C2F8000291
:10686000087D00F01F0301209840D2F81C328343BA
:10687000C2F81C32CB69B3B9D2F80C328343C2F8E8
:106880000C328C894B6864F31F434C6902EBC404DF
:10689000C4F840320C890B6864F31F434C6902EB67
:1068A000C404C4F84432CB69012B16D1D2F80C329F
:1068B0000343C2F80C320C884B6864F31F434C69E5
:1068C00002EBC404C4F840320C89CB6864F31F4364
:1068D0004C6902EBC404C4F844328B69002BD2F833
:1068E00004320FD053EA0003C2F804320B69002BC4
:1068F000D2F8143208D00343C2F81432096A0129CD
:1069000004D008E08343EFE78343F5E7D2F81C1295
:106910000143C2F81C12D2F8000220F00100C2F8B4
:106920000002002010BD70470246002092F820307F
:10693000012B01D0022B05D1106821B1D0F8100035
:1069400000F003007047C068FAE770B590F8204087
:10695000012C05D0022C03D0416A41F4802128E0AB
:10696000046809B32469A40720D04FF4D8740568DB
:1069700004EB01142D5915F00405956005682D5997
:106980001AD0ED08556005682C5904F00204D46053
:106990004FF4DA74056804EB01142E5906F00F0663
:1069A000082E0CD308250DE0E468DCE7416A41F4C9
:1069B00000114162012070BD6D0D1560E3E72D5996
:1069C00005F00F05156105682D59C5F3072595617B
:1069D00005682C59240C54614FF4DC72046802EBF6
:1069E0000112A4581C700468A458240A5C7004683E
:1069F000A458240C9C700468A258120EDA704FF44C
:106A0000DE72046802EB0112A4581C710468A458D9
:106A1000240A5C710468A458240C9C710468A25870
:106A2000120EDA71006829B1016941F0200101619B
:106A3000002070BDC16841F02001C160F8E7024646
:106A4000002092F82010012901D002290CD11168F0
:106A50008A68520100D501208A68120100D5401CC5
:106A60008968C90000D5401C70472DE9F05F0546D4
:106A7000006800244669D0F804908768D0F80CB00C
:106A8000D0F810A0D0F81880F10748D0F90714D03A
:106A900001218160B80703D5284600F020FA0CE0F8
:106AA000780702D54FF4006407E0380702D54FF4A9
:106AB000805402E0284600F011FAF80516D529683E
:106AC0004FF480708860B80503D5284600F009FAB5
:106AD0000CE0780502D544F4005407E0380502D5EF
:106AE00044F4804402E0284600F0FAF9F80316D591
:106AF00029684FF480308860B80303D5284600F039
:106B0000F2F90CE0780302D544F4004407E03803BE
:106B100002D544F4803402E0284600F0E3F930075F
:106B200007D55FEACB6004D52968102044F40074CF
:106B3000C86070074FF0080707D55FEA0B7004D5EF
:106B40002868C760284600F061F9B00706D52868B4
:106B5000C068800702D0284600F05AF9700607D5B1
:106B60005FEACA6004D52968102044F48064086193
:106B7000B00607D55FEA0A7004D528680761284681
:106B800000F07CF9F00606D528680069800702D07D
:106B9000284600F074F9B00308D55FEAC96005D54E
:106BA000296810204860284600F06AF9F00307D5EC
:106BB0005FEA097004D528684760284600F094F918
:106BC000300446D55FEA497040D5F00504D55FEA48
:106BD000C87001D044F00104B00504D55FEA8870A4
:106BE00001D544F00204700504D55FEA487001D570
:106BF00044F00404300529D518F0700F26D008F0B1
:106C00007000402815D006DC102809D020280AD0B2
:106C1000302816D10AE050280ED0602811D10EE09D
:106C200044F008040DE044F010040AE044F02004AD
:106C300007E044F0400404E044F0800401E044F440
:106C400080742868816921F07001816129680420BD
:106C50004860002C05D0686A204368622846FFF728
:106C600062FEBDE8F09F000070B5040003D094F808
:106C7000200010B109E0012070BD204600F088F826
:106C80002068016821F0020101602068016841F07C
:106C90000101016000F048FB0546052605E000BF44
:106CA00000F042FB401B0A2811D820684068C0074A
:106CB000F6D02068016821F00201016000F034FB89
:106CC00005460BE000F030FB401B0A2806D9606A3D
:106CD00040F40030606284F82060CCE720684068AF
:106CE0008007EFD4207E0128206801683DD021F084
:106CF00080010160607E01282068016838D021F0A1
:106D000040010160A07E01282068016833D021F095
:106D100020010160E07E0128206801682ED041F04A
:106D200010010160207F01282068016829D021F02E
:106D300008010160607F01282068016824D021F0EB
:106D400004010160D4E902010843D4E904121143AB
:106D500008436168491E08432168C86100206062D9
:106D6000012084F82000002070BD41F08001C0E7C0
:106D700041F04001C5E741F02001CAE721F01001D0
:106D8000CFE741F00801D4E741F00401D9E7000062
:106D900010B586B000210091019102910391006825
:106DA000174988422AD11748C16941F00071C16171
:106DB000C16901F000710491816941F004018161B0
:106DC0008069114C00F0040004904FF400600090C2
:106DD0006946204600F0A2F9A0140090022001901C
:106DE000032003906946204600F098F900221146DE
:106DF000142000F0EBFD142000F0DAFD06B010BD09
:106E0000006400400010024000080140704700008C
:106E10001FB5044600681449884223D1002120464A
:106E2000FFF782FD00281DD0104B114A002120469B
:106E3000FFF78BFD002815D1002210210D4800F02E
:106E40006EFA0B480168009102698DF80420074929
:106E50000DF10500FDF75CFC07480022694600685B
:106E600004F0EAFC1FBD0000006400406400002044
:106E7000240D0020000C01401400002070477047D2
:106E80007047000070B5044690F82000012804D037
:106E9000606A40F40020606218E0022084F820005C
:106EA0002068016821F00101016000F03DFA05460B
:106EB0000EE000BF00F038FA401B0A2808D9606ACB
:106EC00040F400306062052084F82000012070BD8D
:106ED00020684068C007EDD1606270BD70477047A0
:106EE0007047704770477047704710B590F8211091
:106EF0000022022905D00421816380F8202001208E
:106F000010BD01680B6823F00E030B6001680B686D
:106F100023F001030B6090F84030C46B012101FAAB
:106F200003F3636080F8211080F82020104610BD24
:106F30002DE9F05F90F821100024022903D00421EC
:106F40008163012485E001680A6822F00E020A606C
:106F500001680A6822F001020A603F4E3E4FB215F6
:106F6000DFF8F4C0DFF8F090DFF8ECA0DFF8E8B06D
:106F7000DFF8E4E00168783F13011502ACF1640C1E
:106F8000A9F15009AAF13C0AABF1280BAEF1140E9D
:106F90004FF48018B14227D9B9420ED0614512D0C2
:106FA00049451DD0514518D0594518D0714501D1DA
:106FB000424615E0294EB14201D1012210E0274E90
:106FC0001436B14201D110220AE0244E2836B142D3
:106FD00006D0224A3C32914201D11A4600E02A46AC
:106FE0001E49091F0A602BE0B94213D0614517D032
:106FF000494522D051451DD059451DD0714501D17B
:1070000042461AE0B14202D14FF0807215E0134EB1
:10701000B14201D1012210E0104E1436B14201D12B
:1070200010220AE00D4E2836B14206D00B4A3C32FF
:10703000914201D11A4600E02A46074980394A6048
:10704000012180F82110002180F82010416B01B14E
:1070500088472046BDE8F09F8000024008040240B7
:1070600030B560B11A4B026814219A4209D2194B0B
:107070001344B3FBF1F18900016417490AE00120D0
:1070800030BD134B5B421344B3FBF1F18900016443
:107090000F490839C163022180F82110136843F6B3
:1070A000F0718B43F0E901142143D0E902452C43F0
:1070B00021430469214344692143846921431943DD
:1070C000116000214163012242770177084630BDFB
:1070D00008040240F8FFFDBF0000024070B50446FE
:1070E00000F022F90546601C02D0044800780444F0
:1070F00000F01AF9401BA042FAD370BD48010020ED
:1071000070470000044910B50A68024202D00860C6
:10711000FFF7F6FF10BD0000140401402DE9F84F01
:10712000DFF8C8910024A9F1040B23460F2709F1C9
:10713000040AABF1040ED1E00125A54006EA0502E0
:10714000AA4276D1DFF8A8C14E68A6EB0C086645C6
:107150002BD00DDC032E34D005DC36B3012E19D034
:10716000022E2FD11BE0112E16D0122E2AD119E09B
:10717000B8F5881F19D006DCB8F5803F15D0B8F5F2
:10718000801F1FD111E0B8F5001F0ED0B8F5041F05
:1071900018D10AE0CB6815E0CB681B1D12E0CB6864
:1071A00008330FE0CB680C330CE08B682BB1012B5C
:1071B0004FF0080303D0456104E0042302E00561B9
:1071C00000E00023FF2A01D8064601E000F1040692
:1071D0004FEA840501D9A5F12005D6F8008007FA09
:1071E00005FC28EA0C0803FA05F548EA0508C6F884
:1071F00000804D68ED0070D53E4DAE6946F0010649
:10720000AE61AD6924F0030605F0010500953A4D25
:1072100006EB050CDCF80850A607360F07FA06F84F
:1072200025EA0805DFF8D480404503D14FF0000877
:1072300025E052E0DFF8C880404502D14FF0010858
:107240001DE0DFF8C080404502D14FF0020816E093
:10725000DFF8B480404502D14FF003080FE0DFF8BB
:10726000AC80404502D14FF0040808E0DFF8A08070
:10727000404502D14FF0050801E04FF0060808FA3A
:1072800006F848EA0508CCF808804D68D9F800608F
:10729000ED024D4601D5164300E096432E604D6841
:1072A000DAF80060AD02554601D5164300E096437A
:1072B0002E604D68DBF80060AD035D4601D51643D6
:1072C00000E096432E604D68DEF80060ED037546E1
:1072D00001D5164300E096432E60641C0A681646EA
:1072E000E2407FF429AFBDE8F88F000008040140B8
:1072F0000000111000100240000001400008014091
:10730000000C014000100140001401400018014031
:10731000001C01408068084000D0012070470AB17D
:10732000016170470904FBE701488068704700006D
:107330004801002070B5040025D094F83D000025D8
:1073400020B984F83C50204600F07EFA242084F8CE
:107350003D002068016821F001010160206801689A
:1073600041F4004101602068016821F4004101609E
:1073700000F026FC4D4A6168914201D84C4900E07A
:107380004C49884201D2012070BD4B492368B0FBB3
:10739000F1F15E6826F03F060E435E60636893423B
:1073A00006D94FF4967359434FF47A73B1FBF3F156
:1073B0002368491C1E6A26F03F0631431962616842
:1073C000914210D84900401EB0FBF1F2521CC2F3AA
:1073D0000B02042A01D2042022E0B0FBF1F0401C91
:1073E000C0F30B001CE0A268F2B301EBC10303EB96
:1073F0000116431EB3FBF6F35B1C43F480431B05ED
:1074000049D092B301EBC10202EB0111401EB0FB67
:10741000F1F0401CC0F30B0040F4804040F4004009
:107420002168CA694CF6FF739A431043C861D4E9D6
:10743000071001432068026822F0C0021143016076
:10744000D4E9030101432068826848F2FF339A437C
:1074500011438160D4E9050108432168CA6822F01C
:10746000FF021043C86001E00EE016E020680168EA
:1074700041F0010101602564202084F83D0025636E
:1074800084F83E50002070BD01EB4106431EB3FB63
:10749000F6F35B1CB3E70120C2E701EB4101401E9C
:1074A000B0FBF1F0401CC0F30B00B7E7A086010071
:1074B00080841E0000093D0040420F002DE9FF4F6F
:1074C00083B00025DDE910799A4693460446DDF83D
:1074D00048800095FFF728FF064694F83D002028D5
:1074E0007CD11923012288492046009601F042FEF2
:1074F0000028F5D194F83C0001286FD0012084F8D1
:107500003C0020680168C90703D1016841F001010E
:1075100001602068016821F400610160222084F884
:107520003D00402084F83E0025646762A4F82A905C
:10753000608D20857548E062CDE9008653465A4645
:107540002046049901F018FD00287CD1208DDFF839
:10755000C091202768B1012814D002282068016852
:107560001ED041F48061016020684169806900900B
:10757000BCE02068416981690091016841F40071B3
:107580000160B3E02068016821F48061016072B697
:107590002068416981690091016841F400710AE045
:1075A00041F40061016072B620684169816900910F
:1075B000016821F48061016062B697E0032865D814
:1075C00001280CD0022843464FF0000249462046CD
:1075D00000960BD001F0CEFDA8BB0CE091E0324646
:1075E0004146204601F06CFE68BB72E001F0C2FD2E
:1075F00048BB72B633E02068016821F48061016005
:1076000072B620680069616A0870606A401C606236
:10761000208D401E2085608D401E60853D4846F2CD
:10762000A8110068B0FBF1F0C0EBC00000EB8000D7
:107630000090401E009007D020684069C04340077A
:107640000DD50098F5E727E044F8305F6773A57320
:10765000206940F02000206162B625731CE020689C
:10766000016841F40071016020680069616A087076
:10767000606A401C6062218D491E2185618D491E12
:10768000618562B621680969017026E0324641468B
:10769000204601F015FE18B1012007B0BDE8F08FBB
:1076A00020680069616A0870606A401C6062208D11
:1076B000401E81B22185608D401E60852068426930
:1076C000D243520712D4032903D1016821F4806107
:1076D000016020680069616A0870606A401C60622D
:1076E000208D401E2085608D401E6085208D0028E5
:1076F0007FF464AF84F83D7084F83E5084F83C50C9
:10770000CBE70220C9E70000020010000000FFFFE5
:1077100004000100540100202DE9FF4F83B09A4678
:10772000DDE9119793460446DDF84080FFF7FCFD44
:10773000054694F83D0020287FD1192301224049B5
:107740002046009501F016FD002876D194F83C0003
:10775000012872D0012084F83C0020680168C90724
:1077600003D1016841F0010101602068016821F442
:1077700000610160212084F83D00402084F83E0033
:1077800000262664C4F82480A4F82A90608D208501
:107790002C48E062CDE9007553465A4620460499CC
:1077A00001F068FC70B930E02A463946204601F005
:1077B000BFFD58B1206C042804D12068016841F451
:1077C00000710160012007B0BDE8F08F606A216898
:1077D00000780861606A401C6062218D491E89B290
:1077E0002185628D521E628522685369DB435B07E7
:1077F0000BD469B100781061606A401C6062208D12
:10780000401E2085608D401E6085208D0028CBD1D4
:107810002A463946204601F081FC0028CAD154F896
:107820003D0B016841F400710160202004F81E093D
:10783000E67766770020C6E7FFE70220C3E700008F
:10784000020010000000FFFF10B586B0002100917B
:107850000191029103910068104988421BD1104C9C
:10786000A06940F00800A061A069694600F0080026
:1078700004904FF440600090122001900320039088
:107880000848FFF74BFCE06940F48000E061E069E4
:1078900000F48000049006B010BD000000580040C5
:1078A00000100240000C0140024881680278114437
:1078B0008160704748010020074810B5016841F019
:1078C00010010160032000F0A1F80F2000F006F87D
:1078D00000F050F8002010BD0020024030B50546F1
:1078E0001F4887B0C16941F00401C161C06906A9A0
:1078F00000F00400009001A800F042F90498B0B133
:1079000000F05EF940001749174AB0FBF1F1174843
:10791000491E0260416040F2E7320021C0E90321C4
:107920008160816100F0B4FE040003D015E000F036
:1079300047F9E8E70D4800F00DFF04000DD11E20C7
:1079400000F036F8102D07D2002229461E2000F044
:107950003DF80748056000E0012407B0204630BD2F
:107960000010024040420F0000080040480700207D
:107970004C0100200C4808B5816941F0010181618A
:10798000816901F001010091C16941F08051C1613B
:10799000C06900F0805000900448416821F0E06127
:1079A00041F00071416008BD00100240000001403C
:1079B000002809DB00F01F020121914040098000EE
:1079C00000F1E020C0F8001170470000F0B40E4B49
:1079D0001B680C46C3F30223C3F10705042D00D92D
:1079E0000425191D072901D2002300E0DB1E012612
:1079F00006FA05F1491E214099409E40761E164028
:107A00003143F0BC02F03CBE0CED00E0064900F052
:107A1000070208684FF6FF03184040EA0220034AB5
:107A200010430860704700000CED00E00000FA050C
:107A3000BFF34F8F05480168054A01F4E061114327
:107A40000160BFF34F8F00BFFDE700000CED00E0C9
:107A50000400FA052DE9F0470F46050061D0434EBA
:107A6000306800F00700B84209D2306820F0070003
:107A700038433060306800F00700B84251D12868C0
:107A80003B4C810712D5400703D5606840F4E060A5
:107A900060602878000703D5606840F4605060603B
:107AA0006068A96820F0F000084360602878C0078B
:107AB00028D06868012810D02168022810D08907D2
:107AC00000292EDA616821F0030101436160FFF7AC
:107AD0002BFC804641F288390DE021688903EFE7ED
:107AE0008901EDE7FFF720FCA0EB0801494502D929
:107AF0000320BDE8F0876068696800F00C00B0EB17
:107B0000810FEFD1306800F00700B8420BD9306820
:107B100020F0070038433060306800F00700B842BA
:107B200001D00120E5E72878400705D56068E968BD
:107B300020F4E060084360602878000706D560689C
:107B4000296920F4605040EAC100606000F058F8F4
:107B50006168084AC1F30311515CC84006490860D6
:107B600006480068FFF7BAFE0020C2E70020024086
:107B70000010024086FE0008540100204C01002045
:107B80000F2202600C4A536803F0030343605368FA
:107B900003F0F0038360536803F4E063C36052684A
:107BA0004FF4E06303EAD20202610448006800F087
:107BB00007000860704700000010024000200240EB
:107BC0000448054900684968044AC1F30221515C30
:107BD000C8407047540100200010024096FE000883
:107BE0000448054900684968044AC1F3C221515C50
:107BF000C8407047540100200010024096FE000863
:107C00000E4A51680E4801F00C03042B11D0082BCA
:107C10000FD10C48C1F38343C903C05C0AD5516836
:107C2000084AC1F34041921E515C054A5043B0FBE3
:107C3000F1F07047044948437047000000100240CB
:107C400000127A0076FE000800093D002DE9F84F89
:107C5000040070D02078C04DC00749D06868C0F3D8
:107C60008100012807D06868C0F38100022809D18B
:107C70006868C00306D52868800339D56068002885
:107C8000E7D035E06068B0F5803F0BD010B1B0F5BB
:107C9000A02F11D0286820F480302860286820F4B4
:107CA000802002E0286840F480302860606890B14D
:107CB000FFF73AFB06460AE0286840F48020286077
:107CC000F0E700BFFFF730FB801B642873D82868FB
:107CD0008003F7D50CE0FFF727FB064605E000BF61
:107CE000FFF722FB801B6428F0D828688003F7D4B4
:107CF00020789A4E80074FF001094FF0000839D5DF
:107D0000686810F00C0F07D06868C0F38100022883
:107D100009D16868C00306D42868800714D5206993
:107D2000012808D110E02069B0B1C6F80090FFF733
:107D3000FBFA074605E00AE1FFF7F6FAC01B022846
:107D4000C4D828688007F7D52868616920F0F80052
:107D500040EAC10028600DE0C6F80080FFF7E4FAB1
:107D6000074604E0FFF7E0FAC01B022823D8286882
:107D70008007F7D4207800072CD57948A169D9B1BC
:107D8000C0F80090FFF7D0FA074604E0FFF7CCFAFE
:107D9000C01B02280FD8686A8007F7D571484FF4D6
:107DA000FA510068B0FBF1F0009000BF0098411E4E
:107DB0000091FAD20EE080E0C0F80080FFF7B4FA3C
:107DC000074604E0FFF7B0FAC01B022875D8686ABE
:107DD0008007F7D42078400760D5E8690027C00005
:107DE00008D4E86940F08050E861E869012700F0B4
:107DF000805000905C480168C90513D4016883462F
:107E000041F480710160FFF78FFA824606E000BFFF
:107E1000FFF78AFAA0EB0A0064284ED8DBF80000CE
:107E2000C005F5D5E06801280AD008B1052813D0AF
:107E3000286A20F001002862286A20F0040002E08D
:107E4000286A40F001002862E06841F2883B98B15E
:107E5000FFF76AFA82460BE0286A40F004002862C5
:107E6000EEE700BFFFF760FAA0EB0A0159455AD8C8
:107E7000286A8007F6D50CE0FFF756FA824605E03F
:107E8000FFF752FAA0EB0A0159454CD8286A80073F
:107E9000F6D41FB1E86920F08050E861E06988B34A
:107EA0006968C1F38101022944D00228C6F86080C4
:107EB00004D0FFF739FA044638E034E0FFF734FA2B
:107EC000074604E0FFF730FAC01B02282BD82868C9
:107ED0008001F7D4206AB0F5803F05D16868A168B9
:107EE00020F4003008436860D4E908010843696859
:107EF00021F4741108436860C6F86090FFF714FA23
:107F0000044606E025E000BFFFF70EFA001B02283A
:107F100009D828688001F7D51BE000BFFFF704FAF5
:107F2000001B022802D90320BDE8F88F28688001D1
:107F3000F4D40EE00128F7D06868226A00F480319A
:107F4000914204D1616A00F47010884201D001208E
:107F5000EAE70020E8E7000000100240000042428B
:107F600080044242540100200070004070B50400BB
:107F700009D0606A002540B125616561A56294F869
:107F8000510040B10CE0012070BD6068B0F5827F07
:107F9000F4D0E561F2E784F85050204600F040F854
:107FA000022084F851002068016821F0400101603E
:107FB000A088218900F4827001F404410843A1895A
:107FC00001F400610843217C01F002010843217D96
:107FD00001F001010843218B01F400710843217F66
:107FE00001F03801084394F8201001F080010843A3
:107FF000218D01F40051084321680860A069042123
:1080000001EA1040216848602068C16921F40061DC
:10801000C1616565012084F85100002070BD000039
:108020002DE9F04186B00024009401940294039459
:108030000646454D036845480222032180274FF03C
:108040001008AB4231D1836943F480538361836963
:1080500003F480530493836943F0040383618069CC
:108060003B4D00F004000490A020CDE900020391F4
:1080700069462846FFF752F84020CDE900046946DA
:1080800028460294FFF74AF8334D3248C5E90247C3
:108090002C616C61AC61EC61C5E9000828464BE0DD
:1080A000B5646E6206B0BDE8F0812C4DAB42F9D1EB
:1080B000C36943F48043C361C36903F480430493F9
:1080C000836943F0080383618069254D00F008004F
:1080D00004904FF42040CDE9000203916946284600
:1080E000FFF71CF84FF48040CDE9000469462846AC
:1080F0000294FFF713F8184D164844351430C5E9BB
:108100000004C5E902472C616C61AC612846EC6152
:10811000FEF7A6FF08B1FEF769F9F5646E620E4D31
:108120000C4888352830C5E902472C616C61AC6188
:10813000EC61C5E900082846FEF792FF0028AFD0A1
:10814000FEF754F9ACE70000003001400010024097
:108150000008014030000240440E0020003800407A
:10816000000C01402DE9F84F044690F851001D46DF
:1081700016460F46012838D160684FF00408B0F564
:10818000827F01D1A06830B3FFF7CEF88246002F7E
:1081900075D0002E73D094F85000012825D04FF0F0
:1081A000010984F8509084F851804FF00008C4F819
:1081B0005480A763A687E687C4F83080A4F834808B
:1081C000A4F83680C4F84080C4F84480A068B0F5B4
:1081D000004F0CD015E084F85180009313460A46F6
:1081E000204600F01CF9BDE8F88F0220FBE720686C
:1081F000016821F0400101602068016821F480419C
:10820000016020680168490603D4016841F040011B
:108210000160E068C0B134E020688168C90709D016
:10822000007BA16B0870A06B401CA063E08F401E18
:10823000E08709E0FFF778F8A0EB0A00A84202D334
:10824000681C01D032E085B3E08F0028E4D11BE048
:1082500020688168C90709D0C068A16B0880A06B3D
:10826000801CA063E08F401EE0870AE0FFF75CF807
:10827000A0EB0A00A84203D3681C02D016E012E06B
:108280009DB1E08F0028E3D152462946204601F0F7
:1082900069FC08B12020606584F8519084F8508012
:1082A000606D00289FD001209DE7FFE784F8519082
:1082B00084F85080032096E72DE9F84F984616463B
:1082C0008A460446FFF730F8814694F851000128A9
:1082D0001ED1BAF1000F73D0002E71D094F8500067
:1082E000012815D0012784F85070032084F851002C
:1082F00000256565C4F830A0A686E686A563A58737
:10830000E58765642564A068B0F5004F03D00CE0F4
:108310000220BDE8F88F2068016821F0400101606B
:108320002068016841F480410160206801684906C5
:1083300003D4016841F040010160E068B0F5006FCE
:10834000606803D048B3012E27D047E008B1012E62
:108350001FD1206B21680088C86006E02068816812
:10836000890709D5216B0988C160206B801C2063B7
:10837000E08E401EE0860CE0FEF7D6FFA0EB090180
:10838000414503D3B8F1FF3F03D035E0B8F1000F0A
:1083900032D0E08E0028E1D123E0206B2168007804
:1083A000087306E02068816889070AD5216B09787F
:1083B0000173206B401C2063E08E401EE0860DE0C0
:1083C0002BE0FEF7B1FFA0EB0901414503D3B8F163
:1083D000FF3F03D010E0B8F1000F0DD0E08E002871
:1083E000E0D14A464146204601F0EAFB08B1202090
:1083F0006065A06830B109E084F8517084F850508D
:10840000032086E72068C1688068009084F8517076
:1084100004F8505F60680028F3D0012079E72DE967
:10842000FF4F81B01D46934604464FF001090E9E52
:10843000FEF77AFF074694F851006168012806D0DC
:10844000B1F5827F3CD1A168C9BB042838D102981C
:10845000002871D0BBF1000FFBD0002DF9D094F8AB
:10846000500001282CD04FF0010A84F850A094F855
:108470005100042802D0052084F851004FF0000874
:10848000C4F85480C4F838B0E587A5870299216301
:10849000E586A586C4F84080C4F844802068016859
:1084A000490603D4016841F040010160E068B0F57D
:1084B000006F606808D0F0B3012D49D081E0FFE77C
:1084C000022005B0BDE8F08F08B1012D39D1206B35
:1084D00021680088C860206B801C2063E08E401EED
:1084E000E0862EE02068816889070FD5E18E69B1AA
:1084F000B9F1010F0AD1216B0988C160206B801C82
:108500002063E08E401EE0864FF0000920688168FD
:10851000C9070CD0E18F51B1C068A16B0880A06B76
:10852000801CA063E08F401EE0874FF00109FEF73A
:10853000FBFEC01B01E00BE067E0B04201D3701C02
:1085400050D1E08E0028CDD1E08F0028CAD13EE086
:10855000206B216800780873206B401C2063E08E3C
:10856000401EE0862DE02068816889070FD5E18EE6
:1085700069B1B9F1010F0AD1216B09780173206B40
:10858000401C2063E08E401EE0864FF0000920680A
:108590008168C9070CD0E18F51B1C068A16B087028
:1085A000A06B401CA063E08F401EE0874FF00109E4
:1085B000FEF7BAFEC01BB04202D3701C01D011E01E
:1085C00086B1E08E0028CED1E08F0028CBD13A468C
:1085D0003146204601F0F4FA50B12020606584F85D
:1085E000508012E084F851A084F85080032068E79E
:1085F000A06818B92068C1688068009084F851A00C
:1086000084F85080606D0028F1D0012059E7704750
:108610007047000070B590F83C20012A2CD001244E
:1086200080F83C40022280F83D2003685A689D682B
:1086300022F070060A6832435A60104B02689A4270
:108640000ED00F4B9A420BD0B2F1804F08D00D4B99
:108650009A4205D00C4B9A4202D00C4B9A4204D15C
:10866000496825F080031943916080F83D4000215E
:1086700080F83C10084670BD022070BD002C0140FF
:10868000003401400004004000080040000C00409D
:1086900010B5040003D094F83D0010B107E00120AC
:1086A00010BD002084F83C00204600F01FF8022096
:1086B00084F83D00211D206801F018FE012084F897
:1086C000460084F83E0084F83F0084F8400084F8B7
:1086D000410084F8420084F8430084F8440084F8A0
:1086E000450084F83D00002010BD000038B5054667
:1086F00000681549154C88420FD1E06940F0100020
:10870000E061E069002200F0100000901146362080
:10871000FFF75CF93620FFF74BF90D4928688842CE
:1087200011D1E06940F02000E061E069002200F032
:10873000200000900F213720FFF748F9BDE83840AE
:108740003720FFF735B938BD001000400010024057
:108750000014004090F83D10012901D0012070471D
:10876000022180F83D100168CA6842F00102CA6027
:1087700000680E4988420ED00D4988420BD0B0F1F6
:10878000804F08D00B49884205D00B49884202D05F
:108790000A49884204D1816801F00701062903D003
:1087A000016841F00101016000207047002C014088
:1087B000003401400004004000080040000C00406C
:1087C00070472DE9F04104460068C66805694FF01E
:1087D0000007A90713D5B10711D5F91E01610120C2
:1087E0002077206880698007204602D0FFF7E8FFE5
:1087F00004E000F07EF8204600F07CF82777680758
:1088000016D5700714D521686FF0040008610220A6
:1088100020772068806910F4407F204602D0FFF75F
:10882000CFFF04E000F065F8204600F063F82777FA
:10883000280715D5300713D521686FF008000861A7
:10884000042020772068C0698007204602D0FFF707
:10885000B7FF04E000F04DF8204600F04BF8277712
:10886000E80616D5F00614D521686FF010000861EF
:10887000082020772068C06910F4407F204602D08D
:10888000FFF79EFF04E000F034F8204600F032F8D5
:108890002777E80708D0F00706D021686FF00100BD
:1088A0000861204600F028F8280608D5300606D5CD
:1088B00021686FF0800008612046FFF7A8FE680677
:1088C00008D5700606D521686FF040000861204683
:1088D00000F01CF8A8060AD5B00608D521686FF08C
:1088E000200008612046BDE8F041FFF791BEBDE8D9
:1088F000F08170477047000000680349884201D149
:10890000FEF7D2BF70470000000800407047704774
:1089100070470000F8B5016804460868CA684B69EA
:1089200010F00F0F4FF0000559D003F0010602F4CC
:108930009077374365D0C10705D0D10503D5616C69
:1089400041F001016164410705D5D90703D0616C8D
:1089500041F002016164810705D5D90703D0616C3C
:1089600041F004016164010707D502F020013143A1
:1089700003D0616C41F008016164616C00293AD058
:10898000800604D5900602D5204601F032FD20680D
:108990004069616CC0F38010090700D460B32046C1
:1089A00001F000FD20684069400621D520681430A0
:1089B00050E8001F21F0400140E80012002AF5D1E4
:1089C000E06BA8B16D494163E06BFEF7B1FA002896
:1089D00011D0E06B416B01B0BDE8F0400847830661
:1089E0000FD593060DD52046BDE8F84001F001BD36
:1089F0002046FFF78DFFF8BD2046FFF789FF65642D
:108A0000F8BD266B2023012E7CD1C6067AD5D6066A
:108A100078D508684868009048694FF0020640061B
:108A200040D5E16B086840680004000CE8D0A28DD6
:108A30008242E5D9E085886920282DD020680C3055
:108A400050E8001F21F4807140E80012002AF5D19F
:108A50002068143050E8001F21F0010140E80012A6
:108A6000002AF5D12068143050E8001F21F04001A1
:108A700040E80012002AF5D184F8423025632068CE
:108A80000C3050E8001F21F0100140E80012002ACD
:108A9000F5D1E06BFEF729FA6663A08DE18D401AEF
:108AA00081B22AE0A08DE18D401A81B2E08D0028CC
:108AB000A6D00029A4D022680C3252E8000F20F47E
:108AC000907042E80007002FF5D12068143050E87C
:108AD000002F22F0010240E80027002FF5D184F892
:108AE0004230256320680C3050E8002F22F010023D
:108AF00040E80023002BF5D166632046FFF707FF0F
:108B0000F8BDFFE705062BD5150629D594F84100D9
:108B10002128F5D1A068B0F5805F01D12069B0B1FE
:108B2000206A411C2162216800784860E08C401E68
:108B30000004000CE084E3D12068C16821F08001CA
:108B4000C1602068C16841F04001C160D8E7206A77
:108B50000088C0F308004860206A801C2062E5E7B6
:108B60004006CDD55006CBD5CA68204622F040023B
:108B7000CA6084F8413000F0B9F9C1E795A3000854
:108B800070B5040004D094F84100002510B106E04F
:108B9000012070BD84F84050204600F023F82420C6
:108BA00084F841002068C16821F40051C16020466A
:108BB00001F080FC2068016921F490410161206886
:108BC000416921F02A0141612068C16841F40051E6
:108BD000C1606564202084F8410084F84200656328
:108BE000002070BDF0B585B000240094019402947B
:108BF0000394624DD0F800C0614802210322614B0A
:108C00000426AC452DD1C56945F48015C561C569FB
:108C100005F480150495856945F010058561856921
:108C200005F010050495856945F02005856180698A
:108C3000039200F020000490C802CDE900016946CB
:108C40001846FEF76BFACDE9006469464E48029477
:108C5000FEF764FA002211463520FEF7B7FE3520F4
:108C60002AE04B4DDFF824E12F15F44528D1836924
:108C700043F480438361836903F4804304938369ED
:108C800043F0040383618069039200F004000490C0
:108C90006815CDE9000169462846FEF73FFACDE99F
:108CA0000074694628460294FEF738FA00221146FD
:108CB0002520FEF78BFE2520FEF77AFE05B0F0BDDD
:108CC000DFF8D0E0F44525D1C36943F40033C36134
:108CD000C36903F400330493836943F0040383619D
:108CE0008069CDE9006100F00400CDE90320694608
:108CF0002846FEF713FA0820CDE900046946284605
:108D00000294FEF70BFA002211462620FEF75EFEC3
:108D10002620D1E7204DAC45D0D1C56945F480254A
:108D2000C561C56905F480250495856945F0100580
:108D30008561806900F0100004901848456825F0AE
:108D4000300545F0E06545F010054560CDE900715E
:108D5000039269461D461846FEF7E0F94FF400609D
:108D6000CDE90004694628460294FEF7D7F90022AF
:108D700011462720FEF72AFE27209DE700500040DD
:108D80000010024000100140001401400038014072
:108D9000000801400044004000480040000001403D
:108DA00090F84230202B01D00220704721B11AB137
:108DB0000023036301F0DABB012070472DE9F04185
:108DC0000068194988422DD1184C00272146A07807
:108DD000497818B9AC2901D0A7701BE0144E315462
:108DE000401CC0B2A070052814D3B578A84211D396
:108DF0002946304602F030F8711911F8011C814201
:108E000004D12946304602F07DFEE5E709A0FBF7D4
:108E1000D9FAE1E7BDE8F04104490122491C0A48BA
:108E2000FFF7BEBFBDE8F081005000400000002009
:108E3000C0010020436865636B73756D20657272B5
:108E40006F720D0A00000000280600202DE9F8438B
:108E5000044690F84100984616460D46202802D058
:108E60000220BDE8F88385B17EB100206064212036
:108E700084F84100FEF758FAA6848146E684A0688B
:108E80002027B0F5805F02D003E00120E9E72069E8
:108E900010B12E4600250EE000260CE08021204671
:108EA00001F07FFBA8B9C6B116F8010B2168486034
:108EB000E08C401EE084E08C4B464FF00002CDF881
:108EC00000800028EAD14FF04001204601F069FB04
:108ED00040B184F841700320C3E735F8020BC0F3BA
:108EE0000800E3E784F841700020BAE7704700000B
:108EF000012211030148FEF712BA0000000C0140E4
:108F000000224FF480510148FEF709BA000C0140DD
:108F100010B5FFF7F5FF052003F034FC03F024FC47
:108F20000446FFF7E5FF204610BD000001A0FBF757
:108F300049FAFBE7486172644661756C745F486189
:108F40006E646C65720D0A0001684A69D24352056D
:108F50000FD46FF480624A61002140F8301F202254
:108F600042738173026942F00402026101730120BD
:108F700070470020704700002DE9F84F0446006854
:108F800089460B9D01689846174641F4806101604F
:108F90002068016841F48071016000954FF0011B69
:108FA0000022594620460A9B00F0E4F84FF4007A6C
:108FB00040B120680068C00501D5C4F840A0032076
:108FC000BDE8F88F216809F0FE0008612B462849AA
:108FD00020460A9A00F016F9F0BB206841698069C2
:108FE00000902A4620460A9900F0A2F940B1206C70
:108FF00004283AD12068016841F40071016034E02E
:10900000FEB2B8F1010F09D02168380A08612A467A
:1090100020460A9900F08CF90028E8D12068066102
:109020002A4620460A9900F083F90028DFD12068FB
:10903000016841F480710160009500225946204684
:109040000A9B00F097F80028B3D1216809F0FF00CF
:1090500040F00100086100E007E02B46044920468B
:109060000A9A00F0CFF80028AAD00120A8E7000053
:10907000020001002DE9F843044600680D46DDE9D1
:10908000089701689846164641F4807101604B4686
:1090900000224FF001112046009700F06BF848B114
:1090A00020680068C00502D54FF4007020640320DA
:1090B000BDE8F883216805F0FE0008613B464A469A
:1090C0001549204600F09EF888B9206841698069FA
:1090D00000903A464946204600F02AF948B1206CF3
:1090E000042804D12068016841F400710160012066
:1090F000DEE7F5B2B8F1010F09D02168300A086146
:109100003A464946204600F013F90028E7D1206886
:1091100005610020CCE700000200010070B5164692
:109120000D4604461EE02046FFF70EFF08B1012061
:1091300070BD681C16D0FEF7F7F8801BA84200D857
:1091400085B920684069C04340070BD5002044F82A
:10915000300F20216173A073216941F0200121614A
:109160002073E4E720684069C0434007DBD4002057
:1091700070BD00002DE9F047984617460D4604469D
:10918000C1F30746DDF820902AE000BFB8F1FF3FA9
:1091900026D0FEF7C9F8A0EB0901414502D8B8F185
:1091A000000F1DD12068012E16D0806925EA00002D
:1091B0000004000C12D00020B84211D1002044F865
:1091C000300F20216173A073216941F020012161DA
:1091D00020730120BDE8F0874069E7E70120EBE755
:1091E0002068012E0AD0806925EA00000004000CE6
:1091F00006D00020B842C9D00020EBE74069F3E771
:109200000120F7E72DE9F047984616460D4604463B
:109210004FF000094FF0200AC1F3074723E0206810
:109220004069C043400515D42068016841F40071CD
:10923000016021686FF480604861C4F8309084F860
:109240003DA084F83E90216C41F00401216484F833
:109250003C9021E0701C06D0FEF766F8A0EB0800F9
:10926000B04203D816B1012F1FD021E02068012F92
:1092700015D0806925EA00000004000C18D000BF5A
:1092800044F8309F84F80DA084F80E90216941F0D5
:109290002001216184F80C900120BDE8F08740692D
:1092A00025EA00000004000CEAD12068406901E0D2
:1092B0002068806925EA00000004000CAFD1ECE7CB
:1092C0002DE9F041002590460E460446202728E06F
:1092D0004069C043C0060CD454F8301B6FF0100036
:1092E000486144F810596777A577206A206225778E
:1092F00014E0FEF719F8A0EB0800B04200D886B9D8
:1093000020684069C04340060BD544F8305F67735E
:10931000A573206940F02000206125730120BDE87D
:10932000F08120684169C9434906D1D40020F6E79D
:1093300070B516460D4604461EE02046FFF704FEB3
:1093400008B1012070BD681C16D0FDF7EDFF801B31
:10935000A84200D885B920684069C04300060BD5F3
:10936000002044F8300F20216173A073216941F07F
:10937000200121612073E4E720684069C0430006B2
:10938000DBD4002070BD0000054C4FF47A7501223B
:1093900010212046FDF7C3FF284602F0E3F9F6E767
:1093A000000C01403EB50024114800940194029441
:1093B0000E498460016001250573047505614FF451
:1093C00060214460C161FDF795F808B1FDF70EF822
:1093D0000A20CDE90005694602940548FDF708F822
:1093E000002801D0FDF702F83EBD00000024014036
:1093F0009007002010B522489EB0012444722149F4
:1094000081632149C1632149016421A000681C9046
:109410001B4801F04DF938210EA8FBF7F8F9382266
:109420001C496846FBF7B9F9154A0221684601F064
:10943000AFFA134A0121042001F047FB09218DF8FE
:109440000410022200208DF807008DF805208DF809
:109450003C108DF806408DF840008DF83D208DF8C9
:1094600041008DF83E40064A0221684601F038FC72
:10947000034A02211CA801F09FFB1EB010BD000092
:10948000C00700202DC8000855C8000847AE0008D6
:10949000000100003CFE000830B51C488BB01A49A2
:1094A000016006210024C0E901144FF4E021C0E965
:1094B00003414FF40011416104760125457685761C
:1094C000C47604774477FDF7CFFB08B1FCF78EFF35
:1094D00003940E200494CDE90850CDE90645059487
:1094E00000940194029469460848FDF7A5F908B173
:1094F000FCF77CFF0548FDF7C5FC02210348FDF79A
:1095000015F90BB030BD000000640040E40C0020F1
:10951000114808B5416941F00101416140690022EB
:1095200000F00100009011460D20FEF74FFA0D20CB
:10953000FEF73EFA002202210E20FEF747FA0E2027
:10954000FEF736FA002202210F20FEF73FFABDE8AF
:1095500008400F20FEF72CBA0010024030B5A1B031
:1095600000241D941DA81E9402F094F9224908605D
:109570001F941FA8209402F08DF92049204D15ACAE
:10958000086005F108000FC884E80F00002115A845
:1095900002F0F4F81B4C1C2205F11801E06168464A
:1095A000FBF7FBF80021684602F0D6F93435E0609D
:1095B00095E80F0019AD85E80F00002119A802F009
:1095C000DDF811491C2208600D4907A84431FBF75A
:1095D000E4F8002107A802F0BFF9094920611C2224
:1095E00060310EA8FBF7D9F800210EA802F0B4F9FB
:1095F000606121B030BD0000100000200800002094
:1096000064DD000818000020140000202DE9F04F50
:1096100085B0002449480094019402940394816920
:1096200041F020018161816901F02001049181698B
:1096300041F004018161816901F0040104918169B3
:1096400041F008018161816901F00801049181699B
:1096500041F0100181618069DFF8E4A000F01000A2
:10966000049000224FF4A0715046FDF758FE4FF4CD
:109670000057002239465046FDF751FEDFF8C4B0CE
:109680004FF48C78002241465846FDF748FE41F2DF
:109690001829002249462C48FDF741FE00220821E6
:1096A0005046FDF73CFE0125CDE9005469462648A9
:1096B0000294FDF733FD08200226CDE90005CDE92F
:1096C000024669465046FDF729FD042000901F48D8
:1096D000CDE9010569461C48FDF720FD4FF4A8704F
:1096E000CDE90005CDE9024669465046FDF716FD75
:1096F00000970396CDE9015469465046FDF70EFDEB
:10970000CDF800800396CDE9015469465846FDF72F
:1097100005FDCDF800900396CDE9015469460A484D
:10972000FDF7FCFC002211460820FEF74FF9082047
:10973000FEF73EF905B0BDE8F08F000000100240D2
:109740000010014000080140000C01400000211001
:109750000D4810B50B4901600C49416000214FF4E0
:1097600080428160C0E9031241618161C16101628F
:10977000FDF7E0FD002803D0BDE81040FCF736BE41
:1097800010BD000000580040400D0020A0860100E0
:109790000F4810B50D4901604FF4827141600021FE
:1097A0008160C1604FF400720161C0E90512C161BE
:1097B0000162416281620A21C162FEF7D7FB002883
:1097C00003D0BDE81040FCF711BE10BD00300140D1
:1097D000940D0020104810B50E4901604FF48271BD
:1097E0004160002102228160C0E90312012242612E
:1097F0005202C0E906210162416281620A21C1620E
:10980000FEF7B4FB002803D0BDE81040FCF7EEBD26
:1098100010BD000000380040EC0D00201CB50024F5
:109820000F4800940D490194016041F61F41C0E9C1
:10983000011442F20F71C16080218161FEF728FF9F
:1098400008B1FCF7D3FD0094694605480194FEF782
:10985000E1FE002801D0FCF7C9FD1CBD001000404E
:10986000100F00201CB500240F4800940D490194EE
:10987000016041F61F41C0E901146321C1608021EC
:109880008161FEF705FF08B1FCF7B0FD0094694661
:1098900005480194FEF7BEFE002801D0FCF7A6FDA6
:1098A0001CBD000000140040580F00200C4810B5EB
:1098B0000A4901604FF4E1314160002181600C22CE
:1098C000C160C0E904128161C161FFF759F9002844
:1098D00003D0BDE81040FCF789BD10BD005000402A
:1098E000280600200C4810B50A4901604FF4E13108
:1098F0004160002181600C22C160C0E904128161D5
:10990000C161FFF73DF9002803D0BDE81040FCF726
:109910006DBD10BD00380140000700200C4810B597
:109920000A4901604FF4E1314160002181600C225D
:10993000C160C0E904128161C161FFF721F900280B
:1099400003D0BDE81040FCF751BD10BD00440040FD
:10995000700600200C4810B50A4901604FF4E1314F
:109960004160002181600C22C160C0E90412816164
:10997000C161FFF705F9002803D0BDE81040FCF7EE
:1099800035BD10BD00480040B8060020FEE70000CD
:109990002DE9F0410B4C0F464FF0FF351646294696
:1099A000206801F0A7FFB2B22B4639460648FFF700
:1099B0004DFA002804D12068BDE8F04101F072BFE3
:1099C000BDE8F0811000002028060020FEE700001E
:1099D00000254C4FDFF83081DFF830A1DFF83091FF
:1099E0002C462E466FF00B0B04213846FDF792FCF7
:1099F000062E0ED2DFE806F0030812225683002856
:109A000079D10126002476E0641C14F0FF0472D0A2
:109A100008B100266FE0022600256CE001280AD07C
:109A200040F6B8303235854265D3032639A000BFF1
:109A300002F0B4FE5FE000263AA0F9E7464630782F
:109A400098B33BA002F0AAFE00224FF480713C487C
:109A5000FDF765FC002208213948FDF760FC002273
:109A600040213748FDF75BFC002208213846FDF70E
:109A700056FC0020307001F08FFB04F01FF85146B7
:109A800004F030F8594604F02FF92E4904F02AF872
:109A9000C9F8000004260A2001F064FE04213846BB
:109AA000FDF738FC012822D025E0FFE7012208213C
:109AB0003846FDF734FC0120307023A002F06EFE22
:109AC00001F06AFB03F0FAFF514604F00BF8594627
:109AD00004F00AF91B4904F005F8C9F800000A204F
:109AE00001F040FE04213846FDF714FCA7E719A059
:109AF00002F054FE05260A2001F034FE74E7002629
:109B000035467FE7000C01401800002033335340F6
:109B10000C000020BCECB2E2B5BDB3A4B0B40D0A99
:109B200000000000B6CCB0B4B0B4BCFC0D0A00001C
:109B3000D7BCB1B8B9D8BBFA2E2E2E0D0A00000042
:109B40000010014000004040CFB5CDB3BFAABBFA22
:109B50000D0A0000B0B4BCFCD2D1CACDB7C50D0A05
:109B600000000000F8B5044640684FF48273984244
:109B700017D1A0684FF48065B0F5004F01D0A8421E
:109B80000FD12068066826F040060660606898429B
:109B900007D1A068A84204D100920B4600220121FF
:109BA00003E000920B4600228021204600F03AF8A4
:109BB000002804D0606D40F0200060650320F8BDEF
:109BC000F8B515460E460B460092044601220221C6
:109BD00000F028F840B93346002280212046009545
:109BE00000F020F8002804D0606D40F0200060658F
:109BF0000320F8BD31B5094C002210212046FDF7A5
:109C00008EFB4FF0FF33012269460548FEF754FBF7
:109C1000012210212046FDF782FB38BD00080140DB
:109C2000940D00202DE9F8431E46914688460446CF
:109C3000089DFDF779FB401B351AFDF775FB0746BC
:109C400025480068C0F3CB30684338E0701C37D03B
:109C5000FDF76AFBC01BA84203D215B1009860B3A0
:109C60002CE02068416821F0E00141606068B0F5B7
:109C7000827F0BD1A068B0F5004F02D0B0F5806FA5
:109C800004D12068016821F040010160A06AB0F5AC
:109C9000005F09D12068016821F40051016020684B
:109CA000016841F400510160012084F85100002056
:109CB00084F850000320BDE8F8830025401E009082
:109CC0002068816838EA010004D000214945BDD1EF
:109CD0000020F0E70121F9E75401002010B505202C
:109CE00080F31188BFF34F8FBFF36F8F03F016FD22
:109CF00018B104494FF080500860002080F31188AB
:109D000010BD000004ED00E030B58FB0282168469A
:109D1000FAF77DFD14210AA8FAF779FD012108045C
:109D2000CDE900100024029402250491CDE90750EA
:109D30004FF4E01009906846FDF788FF08B172B64D
:109D4000FEE70F20CDE90A054FF48060CDE90C4015
:109D500002210AA80E94FDF77DFE002801D072B6FC
:109D6000FEE70FB030BD00000249014808607047AF
:109D70000040002008ED00E070B5084C05460022C8
:109D800008212046FDF7CBFA2846FFF733FF20468F
:109D9000BDE8704001220821FDF7C1BA000801406A
:109DA00010B50446012208210348FDF7B8FA204601
:109DB000BDE81040FFF71EBF000801402DE9F0414B
:109DC00007461C4615460E462A20FFF7D5FF380ADF
:109DD000FFF7E6FFF8B2FFF7E3FF280AFFF7E0FF1F
:109DE000E8B2FFF7DDFF2B20FFF7C6FF300AFFF7D1
:109DF000D7FFF0B2FFF7D4FF200AFFF7D1FFE0B2A0
:109E0000FFF7CEFFBDE8F0412C20FFF7B5BF70B5DE
:109E10009F2300211A460846FFF7D0FF00240025A3
:109E20000020FFF7BDFF0020FFF7BAFF6D1CADB2A9
:109E3000A02DF5D3641CA4B2A02CF0D370BD0000FB
:109E400070B54FF4807400222146FE4D2846FDF780
:109E500066FA0A20FDF742F9012221462846FDF75D
:109E60005EFA7820FDF73AF9FE20FFF785FFEF2034
:109E7000FFF782FF8020FFF77FFFFF20FFF790FFB3
:109E80008120FFF779FFFF20FFF78AFF8220FFF78D
:109E900073FFFF20FFF784FF8320FFF76DFFFF2094
:109EA000FFF77EFF8420FFF767FFFF20FFF778FFB3
:109EB0008520FFF761FFFF20FFF772FF8620FFF785
:109EC0005BFFFF20FFF76CFF8720FFF755FFFF20A8
:109ED000FFF766FF8820FFF74FFFFF20FFF760FFC7
:109EE0008920FFF749FFFF20FFF75AFF8A20FFF77D
:109EF00043FFFF20FFF754FF8B20FFF73DFFFF20BC
:109F0000FFF74EFF8C20FFF737FFFF20FFF748FFDA
:109F10008D20FFF731FFFF20FFF742FF8E20FFF774
:109F20002BFFFF20FFF73CFF8F20FFF725FFFF20CF
:109F3000FFF736FF3A20FFF71FFF0520FFF730FF3E
:109F4000EC20FFF719FF0120FFF72AFF7420FFF72D
:109F500013FF0220FFF724FF0E20FFF721FF002050
:109F6000FFF71EFF0020FFF71BFF0020FFF718FF81
:109F70000020FFF715FF0020FFF712FF9820FFF7E2
:109F8000FBFE3E20FFF70CFF9920FFF7F5FE3E2079
:109F9000FFF706FFB520FFF7EFFE0D20FFF700FFEC
:109FA0000D20FFF7FDFE6020FFF7E6FE3820FFF7EB
:109FB000F7FE0F20FFF7F4FE7920FFF7F1FE672090
:109FC000FFF7EEFE6120FFF7D7FE1120FFF7E8FE56
:109FD0007920FFF7E5FE6720FFF7E2FE6420FFF738
:109FE000CBFE3820FFF7DCFE1720FFF7D9FE7120EB
:109FF000FFF7D6FE5F20FFF7D3FE7920FFF7D0FEF4
:10A000006720FFF7CDFE6520FFF7B6FE3820FFF78B
:10A01000C7FE1320FFF7C4FE7120FFF7C1FE5B20CF
:10A02000FFF7BEFE7920FFF7BBFE6720FFF7B8FE03
:10A030006A20FFF7A1FE0020FFF7B2FE0020FFF725
:10A04000AFFE6C20FFF798FE2220FFF7A9FE02204A
:10A05000FFF7A6FE2220FFF7A3FE0220FFF7A0FED7
:10A060002220FFF79DFE2220FFF79AFE5020FFF7E7
:10A0700097FE6E20FFF780FE0320FFF791FE03207E
:10A08000FFF78EFE0120FFF78BFE0120FFF788FE11
:10A090000020FFF785FE0020FFF782FE0F20FFF76C
:10A0A0007FFE0F20FFF77CFE0D20FFF779FE0D20CD
:10A0B000FFF776FE0B20FFF773FE0B20FFF770FE15
:10A0C0000920FFF76DFE0920FFF76AFE0020FFF769
:10A0D00067FE0020FFF764FE0020FFF761FE00200E
:10A0E000FFF75EFE0A20FFF75BFE0A20FFF758FE2F
:10A0F0000C20FFF755FE0C20FFF752FE0E20FFF755
:10A100004FFE0E20FFF74CFE1020FFF749FE1020F7
:10A11000FFF746FE0020FFF743FE0020FFF740FE5A
:10A120000220FFF73DFE0220FFF73AFE0420FFF772
:10A1300037FE0420FFF734FEBF20FFF71DFE01208D
:10A14000FFF72EFEF920FFF717FE4020FFF728FE4D
:10A150009B20FFF711FE3B20FFF722FE9320FFF725
:10A160000BFE3320FFF71CFE7F20FFF719FE0020B7
:10A17000FFF716FE7E20FFF7FFFD3020FFF710FEF1
:10A180007020FFF7F9FD0D20FFF70AFE0220FFF710
:10A1900007FE0820FFF704FE0D20FFF701FE022056
:10A1A000FFF7FEFD0820FFF7FBFD7120FFF7E4FD40
:10A1B0000D20FFF7F5FD0220FFF7F2FD0820FFF765
:10A1C000EFFD9120FFF7D8FD0E20FFF7E9FD0920F4
:10A1D000FFF7E6FDC320FFF7CFFD1820FFF7E0FDF6
:10A1E000C420FFF7C9FD1820FFF7DAFDC920FFF7EB
:10A1F000C3FD3C20FFF7D4FDF020FFF7BDFD132089
:10A20000FFF7CEFD1520FFF7CBFD0420FFF7C8FDBB
:10A210000520FFF7C5FD0120FFF7C2FD3820FFF73D
:10A22000BFFDF220FFF7A8FD1320FFF7B9FD1520B1
:10A23000FFF7B6FD0420FFF7B3FD0520FFF7B0FDE3
:10A24000012001E000080140FFF7AAFD3420FFF7DC
:10A25000A7FDF120FFF790FD4B20FFF7A1FDB820EF
:10A26000FFF79EFD7B20FFF79BFD3420FFF798FD55
:10A270003520FFF795FDEF20FFF792FDF320FFF764
:10A280007BFD4720FFF78CFDB420FFF789FD72208E
:10A29000FFF786FD3420FFF783FD3520FFF780FDB3
:10A2A000DA20FFF77DFD3620FFF766FD0020FFF77F
:10A2B00077FDB420FFF760FD0020FFF771FD00205F
:10A2C000FFF76EFD3420FFF757FD1120FFF754FD17
:10A2D0007820FCF703FFBDE870402920FFF74CBD54
:10A2E0000148FEF76EBA000048070020F0B502688A
:10A2F000204C214D214E224F224B4FF0804CA0424A
:10A3000009D0984207D0604505D0A84203D0B0429A
:10A3100001D0B84204D122F0700E4A6842EA0E021F
:10A32000A04209D0984207D0604505D0A84203D08A
:10A33000B04201D0B84203D122F44075CA682A4322
:10A340004D6922F080022A4302608A68C2620A686C
:10A350008262A04201D0984201D1096901630121C2
:10A3600041610169C90703D0016921F0010101615F
:10A37000F0BD0000002C0140000400400008004037
:10A38000000C0040003401400148FEF7C3BA000051
:10A390002806002010B5406A0021C185C184FEF75F
:10A3A000B7FA10BD01680C3151E8002F22F4907209
:10A3B00041E80023002BF5D10168143151E8002F4A
:10A3C00022F0010241E80023002BF5D1016B0129A5
:10A3D00009D101680C3151E8002F22F0100241E848
:10A3E0000023002BF5D1202180F8421000210163C9
:10A3F000704708B590F84210222901D0022008BD0C
:10A4000082684FF480539A4201D1016921B1816A77
:10A410009A421BD04AB10AE00268816A5268C2F3CC
:10A4200008020A80816A891C08E0026972B1026828
:10A43000526802F07F020A70816A491C8162C18DF4
:10A44000491E0904090CC18503D01BE0026852684B
:10A45000F1E70168CA6822F02002CA600168CA6890
:10A4600022F48072CA6001684A6922F001024A61DE
:10A47000202180F8421000214163026B012A03D0A1
:10A48000FEF79CFC002008BD016301680C3151E817
:10A49000002F22F0100241E80023002BF5D10168C3
:10A4A0000A68D20602D50A6849680091818DFEF7D4
:10A4B0002EFAE7E770B5044600680169E26821F406
:10A4C0004051114301612169A06808436169084353
:10A4D0002168CA6841F20C639A430243CA6020684B
:10A4E0004169A26921F44071114341611E4920680C
:10A4F000884202D1FDF774FB01E0FDF761FB00EB40
:10A50000C00101EB0012606864218000B2FBF0F32F
:10A51000B3FBF1F36FF018067343B2FBF0F5B2FB37
:10A52000F0F605EB8305322303EB0515B5FBF1F5DA
:10A53000B6FBF1F605F0F00505EB0615B2FBF0F6FB
:10A54000B2FBF0F0B0FBF1F06FF01802504306EBF5
:10A55000800003EB0010B0FBF1F0216800F00F0069
:10A560002844886070BD0000003801408162828507
:10A57000C28500214164222180F84210016921B185
:10A580000168CA6842F48072CA6001684A6942F090
:10A5900001024A610068C16841F02001C1600020E9
:10A5A00070472DE9F843984617460D460446089E25
:10A5B00024E0701C22D0FCF7B7FEA0EB0800B042EC
:10A5C0001AD8CEB12068C168490717D5802D15D09B
:10A5D000402D13D00168C94309070FD40168002535
:10A5E000406800902046FFF7DDFE0820606484F894
:10A5F00040500120BDE8F8830320FBE72068006895
:10A6000035EA000004D00020B842D2D00020F1E7A3
:10A610000120F9E70148FEF77DB90000700600202F
:10A620000148FEF777B90000B80600200148FCF7A2
:10A630001CBA0000E40C0020FEE7490050EAC120EB
:10A6400018BF04204A0D18BF40F0010040F2FF720D
:10A65000B2EB515F08BF40F00200012808BF05209F
:10A660007047002804DB00F1E02090F8000405E0CA
:10A6700000F00F0000F1E02090F8140D0009704781
:10A680000907090E002804DB00F1E02080F800141F
:10A69000704700F00F0000F1E02080F8141D7047B3
:10A6A00030380A2801D2012070470020704700008E
:10A6B00010B5044601F04AF800282BD12420207060
:10A6C0004FF40050A4F84A000320A4F84800607A30
:10A6D00020B10020E072606910B103E00120F9E7C9
:10A6E0000D486061204600F02BFA002812D10B487B
:10A6F00020623330606208202076112161760721C4
:10A70000A1760749E16584F860002046BDE8104065
:10A7100000F0C7B810BD0000F4DD0008F4FD00082B
:10A720004000002008B500218DF8001003460122EA
:10A730006946002000F0EDF810B14FF0FF3008BD81
:10A740009DF8000040B208BDF0B50446002318464D
:10A75000557E11E0166A03EB4307F65D8E4209D180
:10A76000106A03EB43010844018821808078A070BF
:10A770000120F0BD5B1CDBB29D42EBD8F0BD2DE9A2
:10A78000F7434FF0000514465FEA01094FF0100649
:10A790004FF030082F4626D02CB3207E9DF80010B5
:10A7A000884239D91346012269462F2000F04AFA1F
:10A7B00000281AD1E089102827D2C10701D0401EF5
:10A7C000E081E28909EB0701B24223460FD84046F7
:10A7D00000F09FF8A17BCA19D7B201EB080202F082
:10A7E000FF08294408E04FF0FF30BDE8FE83324601
:10A7F000404600F08EF8A919CDB2C5F11001CEB2D5
:10A800000028F2D1002EDCD1EFE723461022494682
:10A81000302000F07EF8E8E76FF00900E5E72DE969
:10A82000F04706460F469146104600F083FFA0BB56
:10A830009EB399F8475000242CE006EB041898F8D2
:10A840000010042905D3012D03D14946002000F052
:10A85000CFF9B0B998F8000009280BD0292803D007
:10A860006FF00700BDE8F08708F10400494600F0EA
:10A8700022FD04E008F10400494600F09AFD00289A
:10A88000F0D1012D04D118B94946012000F0B0F9EA
:10A89000641CE4B2BC42D0D3E4E7FFE74FF0FF30E2
:10A8A000E0E71FB5044690F84800800716D520461B
:10A8B00000F040FF18B14FF0FF3004B010BD292068
:10A8C0008DF80000224601216846FFF7A8FF002806
:10A8D000F3D1BDF80410A4F84410EEE76FF00700C0
:10A8E000EBE770B505460C46084600F023FF68B953
:10A8F00065B1226C44F62060616890472346294682
:10A90000BDE870400122212000F003B84FF0FF3075
:10A9100070BD2DE9F0438046A1B0174689461C461C
:10A920000025184600F006FF06002BD1B9F1000FF4
:10A9300028D0607A08B948F08008E07AD4F838C0A6
:10A94000C219694640466368E047A07294F8470020
:10A95000226C6168012806D002209047A07A68B175
:10A960006FF0010610E04FF4E170F6E7E17A42196A
:10A970008A5C09F805206D1CADB200E06846BD4256
:10A98000F4D301E04FF0FF3621B03046BDE8F0834C
:10A990002DE9FC5F05468A469346104600F0CAFE44
:10A9A0004FF0FF3900287AD1002D78D09BF84770FE
:10A9B000002668E0C6EBC60815F83800042801D266
:10A9C000022807D1012F05D15946002000F010F9C7
:10A9D000002865D115F8380040B101280DD00228B3
:10A9E00012D0092846D06FF007004EE005EBC800F2
:10A9F0005946001D00F0DCFB42E005EBC80059465B
:10AA0000001D00F029FC3BE005EBC800001D009094
:10AA1000584600F08FFE58BB009848B380465B460E
:10AA2000012201A96B20FFF774FF10BB9DF8040001
:10AA30005946C0F3401088F80000009800F0DFFB92
:10AA4000040022D15B46012269464420DDF80080E3
:10AA5000FFF75FFF68B99DF80000010988F806104C
:10AA60009DF8000000F00F0188F80510204608E06E
:10AA700048460AE005EBC8005946001D00F054FCAA
:10AA800018B9761CF6B2564594D3012F08D1002888
:10AA900006D15946BDE8FC5F012000F0A9B8484640
:10AAA000BDE8FC9F70B504460D46084600F042FE26
:10AAB00040B93CB12B462146BDE87040012203203D
:10AAC000FFF727BF4FF0FF3070BDF8B50446000711
:10AAD000060E00200D4617468DF800001346012291
:10AAE00069465820FFF715FF002821D1042D24D2F4
:10AAF000200744EA106035B1012D0AD0022D0CD098
:10AB0000032D0FD115E09DF8001081438DF8001042
:10AB100008E09DF80000204302E09DF8000030436B
:10AB20008DF800003B4601226946582000F08AF863
:10AB3000F8BD9DF800100843F2E76FF00B00F8BD78
:10AB40003EB504461B4900208DF80000D1E9000104
:10AB5000CDE90101204600F0EDFD002824D10125BA
:10AB600084F84750607A38B92346012269460020AC
:10AB7000FFF7CFFE002817D12346012269460020A7
:10AB8000FFF7C7FE00280FD121789DF80000814211
:10AB90000BD110202073E5760198A062BDF8080063
:10ABA000A085204600F0EFF83EBD20706FF0020057
:10ABB0003EBD0000ECDD00087CB504460020CDE978
:10ABC00000000E461546104600F0B4FD68B964B1A9
:10ABD0006A463146204601F00DFC002804D1DDE92B
:10ABE00000012A4601F02CFC7CBD4FF0FF307CBDFB
:10ABF00038B5054600208DF800000C46084600F0E8
:10AC000099FD002816D12346012269467C20FFF7D2
:10AC100080FE00280ED19DF80000234665F3000059
:10AC20008DF80000012269467C2000F00BF810B17D
:10AC30006FF00C0038BD9DF8001001F0010184F8A0
:10AC4000471038BD2DE9F0470746914688461C4617
:10AC5000184600F06FFD06003DD1B8F1000F3AD064
:10AC6000607A08B907F07F0794F8470001280DD0F3
:10AC7000E56B4A46414638466368A847A072226C95
:10AC80000220616890477C2F19D01FE0002513E057
:10AC90007819D4F83CC008EB0501C0B20122636802
:10ACA000E047A072226C4FF4E17061689047A07A8F
:10ACB0000028E8D16D1CADB24D45E9D3E3E798F823
:10ACC0000000C00700D0012084F84700A07A20B11E
:10ACD0006FF0010601E04FF0FF363046BDE8F08727
:10ACE0002DE9F04104460F469046104600F022FD43
:10ACF00078BB74B398F84760002534E0012E05D185
:10AD000041460020FFF774FF00283AD1C5EBC5008B
:10AD100014F8301041B101290DD0022912D00929AF
:10AD200018D06FF0070020E004EBC0004146001D82
:10AD300001F0C4FB14E004EBC0004146001D01F02B
:10AD40006CFC0DE004EBC0004146001D01F002FC6C
:10AD500006E014E004EBC0004146001D01F0B3FC26
:10AD600018B96D1CEDB2BD42C8D3012E09D100281F
:10AD700007D14146BDE8F0410120FFF739BF4FF050
:10AD8000FF30BDE8F0817CB50546B6208DF80000A7
:10AD900000208DF80400284600F0CCFC040020D1EF
:10ADA0002B46012269467E20FFF74CFF04462A6CA1
:10ADB0004FF4FA6069689047012085F8470084B92C
:10ADC000687A38B92B46012201A90020FFF7A1FDBE
:10ADD000040006D1284600F006F8040001D1C5E9B8
:10ADE0000C0020467CBD38B5044600208DF80000DC
:10ADF000204600F09FFC18BBB4F84A0000B3E0897D
:10AE0000C10701D0401EE08180B2022801D2022099
:10AE1000E081204601F058FF002810D12146684605
:10AE2000FFF75FFD9DF80010002801F00F018DF87D
:10AE30000010217403D1012901D06FF0080038BD42
:10AE40004FF0FF3038BDC0EB0010000100E0401EA5
:10AE50000028FCD17047000070B50446AB22AC233B
:10AE600000204D1E06E0265C401C3244D2B2134442
:10AE7000DBB280B2A842F6DBD018034AC0B221444C
:10AE8000507001F8010C70BD6C00002008B503463D
:10AE9000012269461B20FFF73CFD00280ED19DF8DA
:10AEA0000010C1F382018DF80010002906D001299D
:10AEB00005D0022906D0032900D1C01F08BD6FF0BC
:10AEC000040008BD6FF0050008BD30B5002480B156
:10AED00005788D4204D20170197A41F0010119728E
:10AEE0000178914207D90270187A40F00200187276
:10AEF00001E04FF0FF34204630BD2DE9FC414FF01A
:10AF0000000805460C460B46CDF800808DF80480FD
:10AF10004746022269464B20FFF7FBFC060032D170
:10AF2000E9799DF8000042F2107661F347008DF850
:10AF3000000069789DF8010061F3C7108DF80100E9
:10AF4000A97861F386108DF80100E97861F3830038
:10AF50008DF80100297961F301008DF80100214687
:10AF600001A8FFF79FFD9DF8041001F004010143C3
:10AF70000CD0226C3046616890477F1CFFB2142FC2
:10AF8000EDD96FF00E063046BDE8FC812346022263
:10AF900069464B20FFF756FE06464FF47A77226C3F
:10AFA000384661689047002EEDD1687820B10120C5
:10AFB000E076E8782077E6E784F81B8023460122D4
:10AFC00005F108014D20FFF73DFE0646226C38468C
:10AFD00061689047D7E7F0B5044600231846957E90
:10AFE00011E0566A03EB4307F65D8E4209D1506AC1
:10AFF00003EB43010844018821808078A070012080
:10B00000F0BD5B1CDBB29D42EBD8F0BD024801698C
:10B0100041F08001016170470020024070B5054693
:10B0200000F056F8002802DA4FF0FF3070BD134CE4
:10B03000E06840F03400E060206940F002002061E8
:10B040006561206940F04000206100F041F800286F
:10B0500002DA6FF0010070BD206920F0020020616B
:10B06000E068800603D5E06840F02000E060E0681A
:10B0700010F01400EFD06FF0020070BD002002400D
:10B0800002490A6860F302020A6070470020024029
:10B090000C4801690C4A0B060C4906D54260416018
:10B0A00003691B0601D58817704703699B0507D400
:10B0B000826081600069800502D46FF001007047F2
:10B0C000002070470020024023016745AB89EFCD87
:10B0D00006494FF48030CA68D20701D0401EFAD129
:10B0E000C868C00701D04FF0FF3070470020024011
:10B0F000F8B50D460646FFF7EBFF002802DA4FF0E1
:10B10000FF30F8BD72B61D4CE06840F03400E060DE
:10B11000206940F001002061BFF34F8F3580002788
:10B1200000970098401C00900A28FADBFFF7D0FF38
:10B13000002806DA206920F0010020616FF001008C
:10B14000F8BD280C708000970098401C00900A28D9
:10B15000FADBFFF7BDFF0028206920F00100206125
:10B1600002DA6FF00200F8BD3068A84202D06FF03A
:10B170000300F8BD62B60020F8BD000000200240C8
:10B1800013B54FF47A73012269460248FDF75EFE5B
:10B1900000981CBD0007002010B50448FBF766FAB4
:10B1A0000248FBF7A3F980B210BD00009007002011
:10B1B00038B50446002000900D46084600F0BAFA63
:10B1C000D0B9CCB12B46022269464020FFF7A1FB43
:10B1D000002810D19DF80010CA09A270C1F3021115
:10B1E00061709DF8001001F00F0121709DF80110B1
:10B1F00001F00301E17038BD4FF0FF3038BD38B5C4
:10B20000044600200D460B460090022269464B2062
:10B21000FFF77FFB00281ED19DF800104908E1715F
:10B220009DF80110C90961709DF80120C2F38012D8
:10B23000A2709DF80120C2F38102E2709DF8012006
:10B2400002F00302227106D12B46012204F108010B
:10B250004D20FFF75EFB38BD38B504460020009056
:10B260000D46084600F066FA10BB0CB32B460222CE
:10B2700069464220FFF74DFB002818D19DF80010C9
:10B28000CA09A270C1F380126271C1F30111617029
:10B290009DF8001001F00F0121709DF80110C1F31D
:10B2A000C001E1709DF8011001F00701217138BD66
:10B2B0004FF0FF3038BD30B587B004460020019014
:10B2C000009002900390069091F848000D46800689
:10B2D0000DD50B46012204A91E20FFF71AFB0028FA
:10B2E00003D19DF8101018E0218007B030BD0A4648
:10B2F000292106A8FFF76FFE98B19DF819002A468C
:10B300006946FFF73CFA0028EFD19DF81A301DF886
:10B31000031001F07F010DF803104A06E4D58039CF
:10B32000E2E76FF00700E0E770B586B00446002062
:10B330000D4600900190029003900A460490092166
:10B3400004A8FFF701FA70B39DF811002A46694678
:10B35000FFF715FA030029D19DF8120069461DF880
:10B360000020401CC0B21DF80050401C42EA0522DB
:10B37000C0B2C2F30A0222801DF80020401CC0B2F5
:10B380001DF80050401C2E02C5B23243C2F30A0021
:10B390006080485D6D1CEAB2895C40EA0120C0F320
:10B3A0000A00A08002E0FFE76FF0070306B018462E
:10B3B00070BD30B585B0044600200D460090019068
:10B3C000029003900A460490092104A8FFF703FEA7
:10B3D000F0B19DF811002A466946FFF7D0F9010047
:10B3E00018D19DF812001DF8003003F001032370FE
:10B3F0001DF80030C3F3400363701DF80030C3F341
:10B400008003A3701DF80000C0F3C200E07001E0EB
:10B410006FF0070105B0084630BD00003EB59F2023
:10B420008DF80400002000900290FDF771FDFDF7FB
:10B4300067FD4FF0FF342346012201A90948FCF7BC
:10B440003BFF2346032202A90648FCF735FF2346AB
:10B45000032269460348FCF785FEFDF749FD9DF888
:10B4600002003EBDEC0D0020EFF30580002800D067
:10B4700001207047684869490860FCF71DFAFEF72B
:10B4800043FCFEF7C3F8FEF711FAFEF747FAFEF7A2
:10B4900061FAFEF727FAFEF73BF8FDF783FFFEF7A8
:10B4A00057F9FEF7BBF9FEF7DDF9FEF793F9FEF762
:10B4B0006FF9FDF79FFFFDF7EFFF0122584959484B
:10B4C000FDF76EFC56490122491C5748FDF768FC00
:10B4D0000122564C150229462046FBF720FF012287
:10B4E00008212046FBF71BFF012240212046FBF7E5
:10B4F00016FF4FF47A763046FBF7F0FD4C4F0122F1
:10B5000008213846FBF70BFF012251032046FBF7C9
:10B5100006FF4848FFF706F9414C0146E070401C21
:10B5200072D045A0F8F74EFFFFF778FFA080011E0C
:10B530006ED044A0F8F746FF012210213846FBF7F1
:10B54000EEFE6420FBF7CAFD434C0022294620464C
:10B55000FBF7E5FE3046FBF7C1FD012229462046F8
:10B56000FBF7DDFE3046FBF7B9FDFEF769FCFEF7A1
:10B570004EFC0320FCF74AFA0022551E0F212846F4
:10B58000FCF724FA0022941E0F212046FCF71EFA35
:10B59000002206211420FCF719FA0022062135208A
:10B5A000FCF714FA002206212520FCF70FFA2BA045
:10B5B000F8F708FF2846FFF754F8014630A0F8F7DF
:10B5C00001FF2046FFF74DF8014633A0F8F7FAFED9
:10B5D0002520FFF746F8014635A0F8F7F3FE3520A1
:10B5E000FFF73FF8014638A0F8F7ECFE1420FFF70C
:10B5F00038F801463AA0F8F7E5FEFDF7AFFF00F096
:10B60000B8F8FEE700E003E03AA0F8F7DBFE8BE7CE
:10B610003EA0F8F7D7FE8FE70040000808ED00E0F5
:10B620000000002000070020280600200010014034
:10B63000000C0140C0070020626D695F69643D2510
:10B64000640D0A0068673235713235365F69643DD2
:10B6500025640D0A0000000000080140436865638E
:10B660006B696E6720696E74657272757074207094
:10B6700072696F7269746965732E2E2E0D0A00004F
:10B680005379735469636B207072696F726974794E
:10B690003A2025640D0A000050656E6453562070F0
:10B6A00072696F726974793A2025640D0A0000008E
:10B6B000555341525431207072696F726974793AEE
:10B6C0002025640D0A000000554152543520707247
:10B6D000696F726974793A2025640D0A00000000D0
:10B6E00043414E207072696F726974793A20256403
:10B6F0000D0A0000626D693237305F726561645F08
:10B700006964206661696C0D0A0000006867323563
:10B71000713235366D775F726561645F696420668A
:10B7200061696C0D0A00000001460020842900D0E8
:10B73000C81C7047002128B1826B1AB1C26B0AB1D4
:10B74000006C08B94FF0FF3108467047002128B15E
:10B75000826B1AB1C26B0AB1006C08B94FF0FF31AD
:10B760000846704710B500B9012001F08FF900209C
:10B7700010BD10B501F026FA002010BD38B5D0E993
:10B78000011204683AB1C3682BB100200090204632
:10B7900001F0A9FB38BD2046BDE83840002201F089
:10B7A00081BB00002DE9FF410D004FF00006CDE9FF
:10B7B000016507461ED000240396501C1FD002B11D
:10B7C0001446FFF751FE69464FF01008E8B103AA8E
:10B7D0002846091D01F0F8FD012813D000960398B2
:10B7E000E8B114494FF080500860BFF34F8FBFF3AA
:10B7F0006F8F14E0802031462A46009011E04FF010
:10B80000FF34DEE7CDF80080E9E722462846091D2F
:10B8100001F03EFD012808D054B1402000909DE881
:10B82000070087E80700BDE8FF81CDF80080F6E754
:10B830000020F3E704ED00E037B5054682B00020B4
:10B840000090140000D10124FFF70EFE4FF000031A
:10B8500088B16A4603A9284601F06CFC012811D181
:10B86000009890B10A494FF080500860BFF34F8FA5
:10B87000BFF36F8F09E0224603A9284601F0AAFB17
:10B88000012802D0FF2005B030BD0020FBE70000FA
:10B8900004ED00E041684FF0010009B101F0F5BA94
:10B8A00001F0E8BA38B5002405460094FFF7DCFD46
:10B8B00090B16946284601F09CFC012801D0FF2088
:10B8C00038BD009888B10A494FF080500860BFF336
:10B8D0004F8FBFF36F8F08E000231A4619462846A2
:10B8E00001F078FB012800D0FF24204638BD00007D
:10B8F00004ED00E038B505004FF0000000900FD0D7
:10B900000024481C0ED001B10C46FFF7ADFDB8B1C4
:10B910006A460021284601F057FD012816D104E0AF
:10B92000802038BD4FF0FF34EFE7009880B109491F
:10B930004FF080500860BFF34F8FBFF36F8F07E069
:10B940002146284601F08EFD012801D0FF2038BD98
:10B95000002038BD04ED00E07FB50D460446416986
:10B96000B0F9080081B1A16971B1FFF7DDFED4E93A
:10B9700005128DE80700D4E900102B46226901F07A
:10B9800094FE039004B070BDFFF7CEFE03A9CDE98D
:10B990000001208A2B4682B2D4E9001001F058FE43
:10B9A000012801D00020EDE70398EBE72DE9F047EF
:10B9B000054689461446800702D029461FA003E0A9
:10B9C000A00705D0114628A0BDE8F047F8F7FABC5B
:10B9D000FFF75EFB0220FFF753FBA708002427E0D8
:10B9E00009EB840082780188C07862F31F4141EA44
:10B9F000006805EB840006464146FFF779FB02002C
:10BA000005D005EB840123A0F8F7DCFC12E03668D2
:10BA10002AA03146F8F7D6FC4046464507D00246F4
:10BA200005EB840133462AA0F8F7CCFC02E0641C45
:10BA3000BC42D5D3BDE8F047FFF7E8BA4552524FB4
:10BA4000523A20416464726573732030782530382F
:10BA500058206E6F7420342D6279746520616C6992
:10BA6000676E6564210A00004552524F523A2057D2
:10BA700072697465206C656E677468202575206E28
:10BA80006F74206D756C7469706C65206F662034FE
:10BA9000210A0000576F72642070726F6772616DC7
:10BAA000206661696C6564206174203078253038C7
:10BAB000582C207265743D25640D0A00726561641E
:10BAC0005F6261636B203078253038580D0A0000C2
:10BAD000566572696679206661696C656420617477
:10BAE000203078253038583A2077726F74652030CE
:10BAF00078253038582C20726561642030782530E4
:10BB000038580A0030B443780A465D1EC178ECB25A
:10BB1000062D68D22E294BD018DC14293ED00CDC1F
:10BB2000102934D004DC02292CD0032928D12BE0A1
:10BB300011292FD0132923D12EE0152930D0162911
:10BB400030D0182930D019291AD12FE047293BD0FD
:10BB50000CDC402932D004DC2F292BD033290FD123
:10BB60002AE041292CD042290AD12BE001232B4D78
:10BB700050292DD0512938D0582941D0802947D07B
:10BB800027A047E02DA020E0194635A042E0194645
:10BB900039A03FE03EA018E041A016E045A014E027
:10BBA0004AA012E050A010E056A00EE05BA00CE00E
:10BBB00061A00AE065A008E06BA006E075A004E0C3
:10BBC0007AA002E081A000E088A030BCF8F7FABBC0
:10BBD000062A08D1114A0179921D1155007910F0F9
:10BBE000090F00D02B5530BC7047072AFBD1B0F9A4
:10BBF00004000A2190FBF1F008490C398880F2E733
:10BC0000072AF0D1B0F90400B0F5167FEADCEAE7C4
:10BC100001797AA030BCF8F7D5BB0000780000208D
:10BC2000556E6B6E6F776E20636F6D6D616E643AEB
:10BC3000203078253032580D0A00000051756572A9
:10BC4000792074686520737461747573206F662041
:10BC500074686520736572766F204F4B0D0A000083
:10BC6000666163746F72792049442069732030786B
:10BC7000253032580D0A00004944206368616E6720
:10BC8000656420746F3A203078253032580D0A00F0
:10BC90007365742062617564204F4B0D0A000000CB
:10BCA000616E676C655F6D6F64696679204F4B0DDF
:10BCB0000A000000616E676C655F6C696D69747382
:10BCC00020736574204F4B0D0A000000726573707D
:10BCD0006F6E73652064656C61797573207365742C
:10BCE000204F4B0D0A0000006D617820726F746167
:10BCF000746520737065656420736574204F4B0D07
:10BD00000A0000006D61782050574D206F757470E7
:10BD1000757420736574204F4B0D0A00636F6E7449
:10BD2000726F6C20616363757261637920736574EF
:10BD3000204F4B0D0A000000506172616D65746503
:10BD400072732073617665640D0A00005265737426
:10BD50006F726520666163746F72792073657474A5
:10BD6000696E67730D0A00007365742054656D7009
:10BD7000657261747572652070726F746563746941
:10BD80006F6E207468726573686F6C64204F4B0D22
:10BD90000A000000546F72717565207374617475C8
:10BDA0007320736574204F4B0D0A00007365742077
:10BDB000616E676C6520616E6420726F746174657A
:10BDC0002074696D65204F4B0D0A00007365742067
:10BDD000616E676C6520616E6420726F746174655A
:10BDE000207370656564204F4B0D0A0073657420E5
:10BDF0006D6F6465204F4B0D0A0000004572726F35
:10BE0000722120436F64653A203078253032580D16
:10BE10000A0000002DE9F041184C0F460546E6687F
:10BE20002068001D00F02AFD38B9206890F82C1019
:10BE300001208840216981432161681C07D137B105
:10BE40002168BDE8F0410E48091D00F071BD206871
:10BE50003544B5424560216805D2A06BBDE8F0418C
:10BE6000091D00F04DBD606B091D00F049FDA06A81
:10BE7000854200D2A562BDE8F08100005801002093
:10BE80007C1000202DE9F041054600F05DFD2E4CB0
:10BE9000A068401CA06020682C4F10B1606940B3BE
:10BEA0002DE02560A068012829D1002606EB860038
:10BEB00007EB800000F016FD761C072EF6D3234812
:10BEC0008C3000F00FFD2148A03000F00BFD1F4822
:10BED000B43000F007FD1D48C83000F003FD1B48DA
:10BEE000DC3000F0FFFC19488C3060631430A06334
:10BEF00005E02068E96AC06A884200D82560606A67
:10BF0000401C60626864E96A01202269884010432D
:10BF1000206101EB810007EB8000291D00F008FD86
:10BF200000F032FD606900280CD02068E96AC06A20
:10BF3000884207D206494FF080500860BFF34F8F08
:10BF4000BFF36F8FBDE8F08158010020A00F0020E3
:10BF500004ED00E030B4026C0B46002A0BD0C1683F
:10BF60001144C1608468A14201D30168C16030BC42
:10BF70001846F8F7CDBB30BC70472DE9F041856B12
:10BF8000174604460026026C82B1C7B1E068F8F794
:10BF9000BFFBE168206C091AE1602268914202D27D
:10BFA000A168081AE060022F16D017E02068A8B92F
:10BFB000A06801F019FC06460020A0600EE0606851
:10BFC000F8F7A6FB216C606808446060A1688842AD
:10BFD00004D32068606001E005B16D1E6D1CA5638F
:10BFE0003046BDE8F08110B5044690F8590058B1CC
:10BFF00001280CD002280FD0052080F31188BFF350
:10C000004F8FBFF36F8FFEE7206B00F0D1FC20460F
:10C01000BDE8104000F0CCBC10BD000010484FF44B
:10C020008051420706D0C01D0D4920F00700411A7B
:10C03000C1F580510B4A00230144C2E900030839CD
:10C04000183A21F0070111604B600B600B1AC0E930
:10C05000001393604FF00040536050617047000040
:10C0600090100020AC010020144E154CA6F1C8071A
:10C070004FF08058DFF84C9012E000BF00F064FCF5
:10C08000F068C568281D00F0F9FBA068401EA0609C
:10C090006068401E606000F077FC2846FFF7A3FF51
:10C0A00060680028EAD138680128F9D9C9F8008009
:10C0B000BFF34F8FBFF36F8FF2E7000068100020CF
:10C0C0005801002004ED00E0002807D00021816025
:10C0D00001600B460A46C16000F07CBF704700005B
:10C0E00070B51D46049C51B1C4F80020C4E90F018D
:10C0F0000121204600F02AFF84F84C5070BD2460D6
:10C10000F4E700002DE9F05F8846DDE90B94154661
:10C11000834691009A460A9EA522206BF8F76FFB92
:10C120006FF00301206B01EB8501084420F0070745
:10C13000780707D0052080F31188BFF34F8FBFF336
:10C140006F8FFEE70025B8F1000F0FD05FF0000001
:10C15000221818F8001082F8341018F8001011B1E5
:10C16000401C1028F4D384F8435001E084F8345084
:10C17000072E00D30626E662C4E91365201D00F0F1
:10C18000BCFB04F1180000F0B8FB2461C6F1070005
:10C190006462A061656584F8585052465946384635
:10C1A00000F010F92060B9F1000F01D0C9F800408B
:10C1B000BDE8F09F30B5114900E011460A6882429F
:10C1C000FBD34B685C18844203D140681844486034
:10C1D000084643681C18944209D1084C183C24684E
:10C1E000A24209D052681A4442600A68126802608A
:10C1F000814200D0086030BD0460F9E7AC01002046
:10C2000010B5044600F0A0FBA06B28B15FF000045D
:10C2100000F0BAFB204610BD0124F9E70648416B47
:10C22000096829B1416BC968C9684968816270476A
:10C230004FF0FF31FAE7000058010020084840683D
:10C24000401C4FF0050080F3118804D0BFF34F8FDE
:10C25000BFF36F8FFEE7BFF34F8FBFF36F8FFEE724
:10C26000B40100202DE9F041044600F06DFB94F983
:10C27000455004F1240609E0606A48B1304601F0F7
:10C2800045FB08B100F030FC6D1E6DB2002DF3DCF3
:10C290004FF0FF3684F8456000F076FB00F054FB69
:10C2A00094F9445004F1100709E0206948B1384678
:10C2B00001F02CFB08B100F017FC6D1E6DB2002DD3
:10C2C000F3DC84F84460BDE8F04100F05DBB0000A1
:10C2D0002DE9F0410546002700F0AAFC324E3068F7
:10C2E00008B9FFF79BFE706905424ED1C5B308350A
:10C2F00068070ED005F00700C0F108000544680784
:10C3000007D0052080F31188BFF34F8FBFF36F8FE5
:10C31000FEE72DB37068854237D8234818300146B0
:10C320000C6801E020460C466168A94202D22168EF
:10C330000029F7D131688C4227D007682168016055
:10C3400060680837411B10290FD96019420708D0CF
:10C35000052080F31188BFF34F8FBFF36F8FFEE787
:10C3600013E041606560FFF725FF61687068401A5F
:10C370007060B268904200D2B060706901430020E2
:10C38000C4E90001F068401CF06001F0F9FA780798
:10C3900007D0052080F31188BFF34F8FBFF36F8F55
:10C3A000FEE73846BDE8F0819401002004490868A2
:10C3B00018B10868026D521C0265086870470000D9
:10C3C0005801002010B5031F4FF080741C601B1F24
:10C3D00021F001011960191F024B0B60143940381C
:10C3E0000A6010BD3DC200080148006870470000A7
:10C3F000FCFF030870B50446002003460BE0E55C33
:10C4000065B1012D0ED0022D11D0202D13D06FF06B
:10C4100007005B1CDBB28B42F1D370BD166846F09F
:10C42000010602E0166846F002061660F1E716689B
:10C4300046F00406F9E7566846F001065660E8E75C
:10C44000F8B504460F461646002513468DF80050F1
:10C45000012269467D20FEF75CFA01002CD1E0073D
:10C4600005D09DF8000040F004008DF80000A00702
:10C4700005D59DF8000040F002008DF8000060072F
:10C4800005D59DF8000040F001008DF8000007F090
:10C490000100054305D09DF8002042F008028DF808
:10C4A000002004F00702024306D033460122694609
:10C4B0007D20FEF7C7FB01460846F8BDF8B50446E7
:10C4C00000200D460B46A61C01460090671C012269
:10C4D0003046FEF7FAFC40B930782B4601280FD0E1
:10C4E000072200213846FEF7F0FC002831D1204613
:10C4F000E61C2B460C220121FEF7E7FC10B107E0F9
:10C500000322EEE72B46032200213046FEF7DDFC36
:10C5100000281ED1A1789DF800002B4661F3C710BA
:10C520006178022261F30610217861F303008DF82F
:10C530000000E1789DF8010061F301008DF8010031
:10C5400069464020FEF77EFB002802D12846FEF710
:10C550009DFCF8BDF8B505460C460B460B220121A3
:10C56000401DFEF7B2FC00283BD12346012269465C
:10C570006B20FEF7CEF960B929789DF800002346BC
:10C5800061F345108DF80000012269466B20FEF72B
:10C5900059FB002825D121462846FEF7AEFC00288D
:10C5A0001FD126462346012269464420FEF7B1F9F1
:10C5B000040015D1A9799DF80000334661F30710F6
:10C5C0006979012261F303008DF800006946442077
:10C5D000FEF738FB0446326C4FF47A70716890476E
:10C5E0002046F8BD38B5044600200D468DF8000001
:10C5F0000B46012269465920FEF78BF900280BD122
:10C600009DF800002B4664F300008DF80000012225
:10C6100069465920FEF716FB38BD38B504460020A0
:10C620000D460B46014600900122A01CFEF74DFC72
:10C6300008BB2B4603220021601CFEF746FCD0B944
:10C640002B4601220021601DFEF73FFC98B92B46C6
:10C650000D2206212046FEF738FC60B92B46012248
:10C660000021E01CFEF731FC28B92B4604220021F2
:10C67000201DFEF72AFC002824D1A1789DF8000097
:10C680002B4661F3C7106179022261F3861061784D
:10C6900061F30510217861F303008DF80000E17863
:10C6A0009DF8010061F3C300217961F302008DF868
:10C6B000010069464220FEF7C5FA002802D128464B
:10C6C000FEF7E4FB38BDF0B5064685B000200F4606
:10C6D000009001900290054603900A4604906C4633
:10C6E000092104A8FEF730F8D0B39DF811003A46AE
:10C6F0006946FEF744F8002830D19DF812003288D0
:10C70000400834F8101062F30A0124F81010401C9D
:10C71000728834F8101062F30A0124F81010401CDB
:10C72000C0B2B28834F8101062F30A0124F8101075
:10C730009DF81210401CC1EB4000C0B26A4605E0F3
:10C7400063195619CB5C6D1C8B55EDB28542F7D33E
:10C750003B46102269463020FEF774FA05B0F0BD62
:10C76000FFE76FF00700F9E708B54FF0FF3301224C
:10C7700069460348FBF7F6FC9DF8000008BD000081
:10C78000EC0D002001B54FF0FF330122694602484D
:10C79000FBF792FD08BD0000EC0D00200FB48021D6
:10C7A00070B5A0B025AB6846249AF7F7F1FD041EDA
:10C7B00014DD0C4D4FF0FF363146A86800F052FEF4
:10C7C00001280BD1A2B2334669460748FCF73EFB6D
:10C7D00000231A461946A86800F0FCFB20B070BC84
:10C7E0005DF814FB0000002000070020F8B50400ED
:10C7F0004FF000001D461646009014D0C1F34300D0
:10C800008DF8000048098DF80100022269465B207E
:10C81000FEF718FA002805D12B46324621465E2045
:10C82000FEF710FAF8BD4FF0FF30F8BD0EB54FF02F
:10C83000FF3392B28DE80E0002460123D021044856
:10C84000FAF73CFE002801D06FF001000EBD000099
:10C85000400D00200EB54FF0FF3392B28DE80E0070
:10C8600002460123D0210448FAF756FF002801D0E0
:10C870006FF001000EBD0000400D0020D0E9013234
:10C8800001699A60D0E901235A604A68824201D165
:10C8900082684A60002202610868401E08600868D9
:10C8A00070470000044B036003F15C0008604FF424
:10C8B0008070106070470000CC01002001A0FFF7DD
:10C8C0006DBF0000537461636B206F766572666C98
:10C8D0006F7720696E207461736B3A2025730D0A9F
:10C8E0000000000000F108014FF0FF32C0E9011222
:10C8F000C160016100210160704700210161704742
:10C9000030B50B685A1C02D000F1080202E002693F
:10C9100004E02246546825689D42FAD953684B606A
:10C9200099608A60516008610168491C016030BDEE
:10C9300042684A6093688B609368596091600861AF
:10C940000168491C01607047052080F31188BFF31E
:10C950004F8FBFF36F8F0A494868401C4860012819
:10C960000CD10848006810F0FF0F07D0052080F3B5
:10C970001188BFF34F8FBFF36F8FFEE77047000042
:10C98000B401002004ED00E00849486828B1401EC9
:10C99000486001D180F311887047052080F3118829
:10C9A000BFF34F8FBFF36F8FFEE70000B40100208D
:10C9B00070B500282AD0164DA0F108046068696996
:10C9C000084207D1052080F31188BFF34F8FBFF3D2
:10C9D0006F8FFEE722683AB1052080F31188BFF31C
:10C9E0004F8FBFF36F8FFEE78843606000F020F940
:10C9F00060686968084468602046FFF7DBFB2869C7
:10CA0000401C2861BDE8704000F0BABF70BD000056
:10CA1000940100204FF0E02000210161816105496F
:10CA20004FF47A720968B1FBF2F1491E41610721A6
:10CA3000016170475401002010B5F7F785FC1149DA
:10CA400010280ED300F1E02090F8F0030A7890420D
:10CA500007D2052080F31188BFF34F8FBFF36F8F8C
:10CA6000FEE709480068896800F4E060884207D959
:10CA7000052080F31188BFF34F8FBFF36F8FFEE760
:10CA800010BD0000B40100200CED00E010B5020064
:10CA900014D00F48006B38B1052080F31188BFF324
:10CAA0004F8FBFF36F8FFEE700F0C2F800211046F2
:10CAB000FFF7B0F900F064FF002807D105494FF0F7
:10CAC00080500860BFF34F8FBFF36F8F10BD000021
:10CAD0005801002004ED00E002490A6A0260C968BA
:10CAE000416070475801002001490120C86170472A
:10CAF0005801002010B50C4650B109490968183199
:10CB0000FFF7FEFE2046BDE810400121FFF782B985
:10CB1000052080F31188BFF34F8FBFF36F8FFEE7BF
:10CB20005801002070B5040047D0226DA2B1E06C1E
:10CB3000884200D30146E06A88423ED0012A3CD1B7
:10CB40001E4D2A6894420FD1052080F31188BFF34F
:10CB50004F8FBFF36F8FFEE7052080F31188BFF37F
:10CB60004F8FBFF36F8FFEE7E162A269002A02DBFD
:10CB7000C1F10701A161124E00EB8000616906EB73
:10CB80008000814219D1201DFFF778FE012130B9C4
:10CB900094F82C002A6901FA00F082432A61E06AC5
:10CBA0002A6981401143296100EB800006EB800077
:10CBB000211DBDE87040FFF7BBBE70BD58010020CD
:10CBC000A00F002010B586B00024039405AA04A984
:10CBD00003A80494FFF766FEDDE903010094CDE9A4
:10CBE000011000230EA11048059A00F05EFD0F49C8
:10CBF0000028C86211D0052080F31188BFF34F8F41
:10CC0000BFF36F8F4FF0FF30886201204861CC6026
:10CC100006B0BDE8104000F0D9B806B010BD000065
:10CC200049444C450000000069C00008580100203C
:10CC30000248016B491C0163704700005801002045
:10CC400010B51F4C206B10B10120E06110BD002019
:10CC5000E06120684FF0A531006B02688A4208D17C
:10CC600042688A4205D182688A4202D1C0688842FD
:10CC700004D0216820683431FFF720FE2069114973
:10CC8000B0FA80F0C0F11F0000EB800051F82020C6
:10CC90006AB101EB800000F1080241684968416017
:10CCA000914201D149684160C868206010BD0520EB
:10CCB00080F31188BFF34F8FBFF36F8FFEE7000043
:10CCC00058010020A00F00202DE9F0410446B0F8E3
:10CCD0004A70C0890025B7FBF0F100FB1170C6B2A5
:10CCE00021462846FDF784FF002816D12146FFF78C
:10CCF00079FC002811D166B1B91B8EB219E06069C8
:10CD0000E289284423462946FFF770FDE18929443A
:10CD10008DB2BD4227D20028F1D0BDE8F081606914
:10CD2000E289284423462946FFF760FDE18929442A
:10CD30008DB2B54202D20028F1D0EEE70028ECD146
:10CD4000E5890221E18109E06069E28930442346F6
:10CD50003146FFF74BFDE18931448EB2BE4201D22C
:10CD60000028F1D0E5810028D7D121460120FFF726
:10CD700039FC0028D1D12146BDE8F0410120FDF762
:10CD800037BF000070B50446084DFEF781F928460C
:10CD9000FEF744F921460648FEF7AAF9FEF736F9F0
:10CDA000BDE8704003A0F7F70DBB000000F80308D2
:10CDB000FCFF0308777269746520666C61672073F5
:10CDC0007563636573730D0A000000001CB5264986
:10CDD00008780190FF20087008788DF800009DF811
:10CDE00000009DF8002000F0F000904207D00520E0
:10CDF00080F31188BFF34F8FBFF36F8FFEE79DF86D
:10CE000000001A4C00F0050020700720A06005E02B
:10CE10009DF8002052008DF80020401E9DF8002053
:10CE20001206F5D4A060032807D0052080F31188EE
:10CE3000BFF34F8FBFF36F8FFEE74FF44070A060DA
:10CE4000019808700A48016841F4700101600168A6
:10CE500041F070410160FFF7DDFD00206060F7F7F1
:10CE60003DFA00201CBD000000E400E0B4010020F9
:10CE700020ED00E010B502460021012000F012F87C
:10CE80000446FFF721F9204610BD38B50B460022B5
:10CE900000901146012000F026F80446FFF714F92F
:10CEA000204638BDF8B517460E46050013D005FBE1
:10CEB00006F05030FFF70CFA04000AD0002084F886
:10CEC000460004F150023B46314628460094FFF7E5
:10CED00007F92046F8BD052080F31188BFF34F8F76
:10CEE000BFF36F8FFEE738B5049D18B153B1CAB1D7
:10CEF00081B120E0052080F31188BFF34F8FBFF38D
:10CF00006F8FFEE7052080F31188BFF34F8FBFF3CB
:10CF10006F8FFEE7052080F31188BFF34F8FBFF3BB
:10CF20006F8FFEE739B1052080F31188BFF34F8F73
:10CF3000BFF36F8FFEE750241C46012384F8463070
:10CF40002B460094FFF7CCF8204638BD70B50D464F
:10CF5000040025D0FFF7F8FCD4E90F20216802FB7C
:10CF60000011A1600021A163216861600A46D4E933
:10CF70000F01401E00FB0121E16021464FF0FF3010
:10CF800001F8440F487004F110008DB1FFF7AAFCBE
:10CF900004F12400FFF7A6FCFFF7F6FC012070BDAA
:10CFA000052080F31188BFF34F8FBFF36F8FFEE72B
:10CFB00021690029F0D000F0A9FC0028ECD0044938
:10CFC0004FF080500860BFF34F8FBFF36F8FE3E7E0
:10CFD00004ED00E02DE9FF4782B01D468A464FF080
:10CFE0000008040003D0BAF1000F08D011E00520BA
:10CFF00080F31188BFF34F8FBFF36F8FFEE7206C74
:10D0000038B1052080F31188BFF34F8FBFF36F8FC6
:10D01000FEE7022D0AD1E06B012807D0052080F33E
:10D020001188BFF34F8FBFF36F8FFEE700F068FBEF
:10D030003F4F4FF000094FF0805648B9049838B17F
:10D04000052080F31188BFF34F8FBFF36F8FFEE78A
:10D05000FFF77AFCA06BE16B884207D3022D05D065
:10D060000498D0B1B8F1000F1AD01EE02A465146FC
:10D070002046FEF782FF616A19B104F1240000F036
:10D0800045FC20B13E60BFF34F8FBFF36F8FFFF7BA
:10D090007BFC012006B0BDE8F087FFF775FC22E0BD
:10D0A0006846FFF719FD4FF00108FFF76DFCFFF729
:10D0B000BFFDFFF749FC94F94400401C01D184F8FE
:10D0C000449094F94500401C01D184F84590FFF745
:10D0D0005BFC04A9684600F081FA30B12046FFF7F6
:10D0E000C1F800F04DFC0020D4E7FFF72DFCA06B49
:10D0F000E16B884213D1FFF747FC04F1100004995B
:10D10000FFF7F8FC2046FFF7ADF800F039FC0028E7
:10D110009ED13E60BFF34F8FBFF36F8F98E7FFF74D
:10D1200033FC2046FFF79EF800F02AFC90E7000051
:10D1300004ED00E02DE9F0471F46904689460400C3
:10D1400003D0B9F1000F08D011E0052080F3118859
:10D15000BFF34F8FBFF36F8FFEE7206C38B1052010
:10D1600080F31188BFF34F8FBFF36F8FFEE7022F5D
:10D170000AD1E06B012807D0052080F31188BFF3A6
:10D180004F8FBFF36F8FFEE7FFF756FC0520EFF3DD
:10D19000118680F31188BFF34F8FBFF36F8FA06BA1
:10D1A000E16B884206D3022F04D0002086F3118859
:10D1B000BDE8F08794F94550A06B3A4649462046B1
:10D1C000FEF7DBFE681C04D06D1C84F8455001207E
:10D1D000ECE7606A0028FAD004F1240000F096FB26
:10D1E0000028F4D0B8F1000FF1D00121C8F80010E8
:10D1F000EDE770B50E46040009D0206C78B105202B
:10D2000080F31188BFF34F8FBFF36F8FFEE70520C8
:10D2100080F31188BFF34F8FBFF36F8FFEE7206855
:10D2200048B9A06838B1052080F31188BFF34F8F4B
:10D23000BFF36F8FFEE7FFF7FFFB0520EFF31185CC
:10D2400080F31188BFF34F8FBFF36F8FA16BE06B3B
:10D25000884218D994F94500491CA163411C04D0A7
:10D26000401C84F8450001200EE0606A0028FAD0D6
:10D2700004F1240000F04AFB0028F4D0002EF2D084
:10D2800001203060EFE7002085F3118870BD0000B9
:10D290002DE9F747002683B08A46040003D0BAF18F
:10D2A000000F08D011E0052080F31188BFF34F8FE5
:10D2B000BFF36F8FFEE7206C38B1052080F3118833
:10D2C000BFF34F8FBFF36F8FFEE700F019FADFF85F
:10D2D000F4804FF000094FF0805748B9059838B1F5
:10D2E000052080F31188BFF34F8FBFF36F8FFEE7E8
:10D2F000FFF72AFBA56BC5B151462046FEF72AFE73
:10D300006D1EA563206950B104F1100000F0FEFA13
:10D3100028B1C8F80070BFF34F8FBFF36F8FFFF7CE
:10D3200033FB012006B0BDE8F087059808B11EB1B7
:10D3300006E0FFF729FB27E06846FFF7CDFB012653
:10D34000FFF722FBFFF774FCFFF7FEFA94F94400A5
:10D35000401C01D184F8449094F94500401C01D14F
:10D3600084F84590FFF710FB05A9684600F036F9F0
:10D37000002820460AD0FEF775FF00F001FB20468A
:10D38000FEF73EFF0028B3D00020CBE7FEF738FFC2
:10D3900090B104F124000599FFF7ACFB2046FEF79D
:10D3A00061FF00F0EDFA0028A2D1C8F80070BFF3C9
:10D3B0004F8FBFF36F8F9BE72046FEF753FF00F0C0
:10D3C000DFFA95E704ED00E02DE9F0479046894645
:10D3D000040003D0B9F1000F08D011E0052080F35C
:10D3E0001188BFF34F8FBFF36F8FFEE7206C38B10A
:10D3F000052080F31188BFF34F8FBFF36F8FFEE7D7
:10D40000FFF71AFB0520EFF3118680F31188BFF3B5
:10D410004F8FBFF36F8FA76BF7B194F94450494614
:10D420002046FEF797FD7F1EA763681C04D06D1C85
:10D4300084F84450012010E020690028FAD004F15B
:10D44000100000F063FA0028F4D0B8F1000FF1D01A
:10D450000121C8F80010EDE7002086F31188BDE82F
:10D46000F08700002DE9F343002683B00400354621
:10D4700009D0206C78B1052080F31188BFF34F8F5D
:10D48000BFF36F8FFEE7052080F31188BFF34F8F46
:10D49000BFF36F8FFEE700F033F9DFF83C814FF008
:10D4A00000094FF0805748B9049838B1052080F33F
:10D4B0001188BFF34F8FBFF36F8FFEE7FFF744FA7A
:10D4C000A06BC8B1401EA063206810B9FEF76EFFC4
:10D4D000A060206950B104F1100000F017FA28B1E3
:10D4E000C8F80070BFF34F8FBFF36F8FFFF74CFA90
:10D4F000012005B0BDE8F083049808B166B10FE0E3
:10D500003DB1052080F31188BFF34F8FBFF36F8FBC
:10D51000FEE7FFF739FA5DE06846FFF7DDFA01261E
:10D52000FFF732FAFFF784FBFFF70EFA94F9440095
:10D53000401C01D184F8449094F94500401C01D16D
:10D5400084F84590FFF720FA04A9684600F046F8F1
:10D550000028204612D0FEF785FE00F011FA204682
:10D56000FEF74EFE0028A9D09DB3FFF7EDF9606AE3
:10D5700050B3206B0068C0F1070126E0FEF740FEC3
:10D58000E0B1206838B9FFF7DFF9A06800F078F95A
:10D590000546FFF7F9F904F124000499FFF7AAFA08
:10D5A0002046FEF75FFE00F0EBF9002886D1C8F8B0
:10D5B0000070BFF34F8FBFF36F8F7FE72046FEF7FA
:10D5C00051FE00F0DDF979E70021A068FFF7AAFA23
:10D5D0009FE7FFE700208CE704ED00E02DE9F04134
:10D5E0000C46050011D0C4B1FFF7AEF9174BDA684D
:10D5F0006E682068911B471C17D02F681B6A9F42DA
:10D6000019D0964217D8012410E0052080F3118824
:10D61000BFF34F8FBFF36F8FFEE7052080F31188B4
:10D62000BFF34F8FBFF36F8FFEE70024FFF7ACF916
:10D630002046BDE8F081884205D9401A206028467E
:10D64000FFF74AFAF1E700202060DCE758010020EC
:10D650002DE9FF5F8346DDE90E87994616468A4627
:10D660009000FEF735FE05001CD05C20FEF730FE72
:10D67000040014D00020256384F85900CDE902404D
:10D68000CDE900874B46324651465846FEF73AFDF3
:10D690002046FEF7F7FB012004B0BDE8F09F2846C6
:10D6A000FFF786F94FF0FF30F6E7F0B585B0DDE91A
:10D6B0000B640A9DA6B1DCB15C27009726630226A5
:10D6C00084F85960002604AFCDE90246CDE9005741
:10D6D000FEF718FD2046FEF7D5FB049805B0F0BD17
:10D6E000052080F31188BFF34F8FBFF36F8FFEE7E4
:10D6F000052080F31188BFF34F8FBFF36F8FFEE7D4
:10D700000548416919B1006B18B10020704701202C
:10D710007047022070470000580100202DE9F041B9
:10D720002F4C0026206B28B1A069401CA061304618
:10D73000BDE8F081E5686D1CE56013D1606B0068A1
:10D7400038B1052080F31188BFF34F8FBFF36F8F7F
:10D75000FEE7606BA16B6163A063206A401C2062DE
:10D76000FEF75CFDA06ADFF87C80854209D3606B20
:10D770000068A0B1606BC068C7687868854211D244
:10D78000A0622068C06A00EB800158F821000128DF
:10D7900000D90126E0690028C9D00126C7E74FF06B
:10D7A000FF30EDE7381DFFF769F8B86A18B107F1E7
:10D7B0001800FFF763F8F96A0120226988401043D6
:10D7C000206101EB810108EB8100391DFFF7B0F802
:10D7D000F86A2168C96A8842C9D30126C7E70000F0
:10D7E00058010020A00F002070B504004FF0000188
:10D7F00040D0214D2868844207D0052080F311884D
:10D80000BFF34F8FBFF36F8FFEE7206D38B1401E1F
:10D810002065E36CE26A9A422CD040B12AE00520F0
:10D8200080F31188BFF34F8FBFF36F8FFEE7201D8A
:10D83000FFF724F8114A012150B9E06A00EB800398
:10D8400052F8233023B92B6901FA00F083432B618E
:10D85000E06CE062C0F10700A061E06A2B698140E2
:10D860001943296100EB800002EB8000211DFFF7C6
:10D870005FF80121084670BD58010020A00F00206C
:10D8800070B504004FF0000034D01E4DE16A2A68E4
:10D89000D26A91422FD2A069002804DB2868C06AAE
:10D8A000C0F10700A061184E01EB8101606906EB31
:10D8B000810188421AD1201DFEF7E0FF012130B915
:10D8C00094F82C002A6901FA00F082432A61286842
:10D8D000C06AE0622A6981401143296100EB80003F
:10D8E00006EB8000211DFFF723F802E02868C06ADC
:10D8F000E062012070BDE16C2A68D26A9142F8D3DF
:10D9000070BD000058010020A00F00202DE9F0415B
:10D91000C068C468ACB104F118000746FEF7AEFF5A
:10D92000154D286B0126A0B139461448FFF700F8C1
:10D93000E06A2968C96A88421CD90120EE61BDE805
:10D94000F081052080F31188BFF34F8FBFF36F8FF5
:10D95000FEE7201DFEF792FFE16A2A6906FA01F050
:10D960001043286101EB81000449B43901EB8000C8
:10D97000211DDBE70020E2E75801002054100020C1
:10D980002DE9F0472C4D00242746286B38B1FEF7CF
:10D99000DBFF286B401E2863286B40B146E0052062
:10D9A00080F31188BFF34F8FBFF36F8FFEE7A96835
:10D9B000224E0120D1B3A6F1B40980463068E8B107
:10D9C000F068C46804F11800FEF758FF201DFEF748
:10D9D00055FFE06A2A6908FA00F11143296100EB5A
:10D9E000800109EB8100211DFEF7A2FFE06A296892
:10D9F000C96A8842E2D3C5F81C80DFE70CB1FEF7A4
:10DA00000DFCAC6944B14646FFF788FE00B1EE61FB
:10DA1000641EF9D10020A861E86938B108490127DE
:10DA200038070860BFF34F8FBFF36F8FFEF7ACFF6F
:10DA30003846BDE8F087000058010020541000204F
:10DA400004ED00E0024600200146535C491C5840AA
:10DA50000729FADB7047000010B500290AD00878C2
:10DA6000002807D005487844F7F7BCFD002801D00E
:10DA7000002010BD0248784410BD0000762500004B
:10DA80006E25000010B500290AD00878002807D0BC
:10DA900005487844F7F7A6FD002801D0002010BD06
:10DAA0000248784410BD0000662500005E25000095
:10DAB000014800F0E7B800BF0000C07FB0FA80F373
:10DAC00010FA03F2C3F19D030AD0D90501EB12202D
:10DAD000530638BF704700F1010008BF20F0010075
:10DAE000704700004FF47F0C1CEAD0121EBF1CEAE6
:10DAF000D11392EA0C0F93EA0C0F00F0478090EAE2
:10DB0000010F48BF42F480724FF0004C4CEA0020F5
:10DB10004CEA012102EB0302A0FB0113A2F5000273
:10DB2000002918BF43F001035B0028BF4FEA33030D
:10DB300042EB22425FEA132C4CEBC2502EBFBCEBEF
:10DB4000436FB2F57C0F70474FEA036CBCF1004F96
:10DB500008BF20F00100B2F57C0F38BF70470BD52D
:10DB600082F0FF0212F5803FC8BF704700F1C0404D
:10DB7000D8BF00F00040704700F5000C5FEA4C0C85
:10DB800048BF7047B0F1C04000F073B890EA010F91
:10DB90000CEAD11348BF42F48072624538BF634536
:10DBA00004D280EA010000F00040704710B500F098
:10DBB0001AF800BF8900013E00F007B800F009B86C
:10DBC0005FEA410C5FEA1C6C08D080EA010000F0BB
:10DBD00050B85FEA400C5FEA1C6CF6D14FF0004091
:10DBE000A0F5800070470EF1020E2EF0030E5EF8D5
:10DBF000044B244204D44FEA4102B2F17F4F11D8C2
:10DC00004FEA4003B3F17F4F0CD80ED14FEAD07CDE
:10DC1000B2F17F4F0CEB4C0C0CF1020C08BF4CEB3B
:10DC2000D17C04E04FF0080C01E04FEAD17C0CEB12
:10DC30004C0324FA03F404F00704B4F1040C06D2F4
:10DC40000EEB840CBDE810404CF0010C6047DFE89F
:10DC50000CF0070802024FF00040A0F5800010BD54
:10DC60000846420018BFD2F1807288BF00F0004021
:10DC700010BDFF2141EAD050C0057047F7F7D2B878
:10DC8000F7F706BA0CF00F03092B08BF082000F0C5
:10DC900051800A2B0BD0082B18BF704708BF1CF00F
:10DCA000400F0AD04FF000004FF0000170471CF009
:10DCB000400F18BF4FF0004070471CF0100F08D005
:10DCC00020F0704300F07F4242EAD3014FEA4370F4
:10DCD000704700F0604021F07F4242EA000201F00C
:10DCE0007F4040EA727070474FF0FF0212EAD05254
:10DCF0001CBF92F0FF038B42C2BFD14200EBC15068
:10DD00007047002A0AD0002B0BD0002900F00040F9
:10DD1000A4BF40F0FE4040F40000704700F0004017
:10DD2000704743024FF00B0C18BF4CF0806C7FF42F
:10DD3000BFAE70471CF4801F11D01CF4E02F03D03D
:10DD40006FEACC31490070474FF04050EFF300824A
:10DD500022F0704242EA000282F3008870474FF0DE
:10DD600000007047AB0005510000000004000000F7
:10DD70000400000000000000000000009CFF0008FC
:10DD800089930008FDFF00000000000080000000F3
:10DD900000000000000000008000000004000000FF
:10DDA0000000000000000000B4FF00088D5F0008C4
:10DDB0000100000000000000000200000000000060
:10DDC00000000000A4FF0008D19900080100000035
:10DDD00000000000800000000000000000000000C3
:10DDE0000000D3FF00002D00000000000001020031
:10DDF00000000000C82E002E802E3DB1C82E002E3F
:10DE0000802E9103802EBCB0802EA303C82E002E3E
:10DE1000802E00B05030212E59F51030212E6AF599
:10DE2000802E3B030000000008190100220075004D
:10DE300000100010D100B343802E00C1802E00C11D
:10DE4000802E00C1802E00C1802E00C1802E00C116
:10DE5000802E00C1802E00C1802E00C1802E00C106
:10DE6000802E00C1802E00C1802E00C1802E00C1F6
:10DE7000802E00C1802E00C1802E00C1802E00C1E6
:10DE8000802E00C1802E00C1802E00C1802E00C1D6
:10DE9000802E00C1802E00C1802E00C1802E00C1C6
:10DEA000802E00C1802E00C1802E00C1802E00C1B6
:10DEB000802E00C1802E00C1802E00C1802E00C1A6
:10DEC000802E00C1802E00C1802E00C1802E00C196
:10DED000802E00C1802E00C1802E00C1802E00C186
:10DEE000E05F0000000001000000000000000000F2
:10DEF0000000920000000000000000000000000090
:10DF00000000000008190000880000000000000068
:10DF100005E0AA3805E09030FA0096004B091100A0
:10DF2000110002002D01D47B3B01DB7A04003F7B12
:10DF3000CD6CC3048509C304ECE60C460100270040
:10DF400019009600A00001000C00F03C0001010047
:10DF5000030001000E00000032000500EE06040080
:10DF6000C80000000400A805EE060004BC02B300CF
:10DF70008507000000000000000000000000000015
:10DF8000000000000000B4000100B900010098008A
:10DF900000000000000000000100800004000000FC
:10DFA0000000000000000000000000000000000071
:10DFB0000000000000000000000000000000000061
:10DFC0000000000000000000000000000000000051
:10DFD0000000000000000000000000000000000041
:10DFE0000000000000000000000000000000802E83
:10DFF00000C1FD2DDE00EB00DA00000CFF0F000475
:10E00000C0005BF5C9011EF280003FFF19F458F50E
:10E0100066F564F5C0F1F000E000CD01D301DB014D
:10E02000FF7FFF01E40074F7F300FA00FF3FCA032B
:10E030006C3856FE44FDBC02F90600FC1202AE012B
:10E0400058FA9AFD7705BB02960195017F0182017E
:10E050008901870188018A018C018F018D0192015C
:10E060009101DD009F017E01DB00B601706926D3BE
:10E070009C071F059D000008BC0537FAA201AA01F4
:10E08000A101A801A001A805B401B401CE00D000EF
:10E09000FC00C501FFFBB10000380030FDF5FCF5C8
:10E0A000CD01A0005FFF0040FF0000806D0FEB007E
:10E0B0007FFFC2F568F7B3F1670F5B0F610F800F49
:10E0C00058F75BF7830F8600720F850FC6F17F0F3D
:10E0D0006CF700E000FFD1F5870F8A0FFF03F03FD8
:10E0E0008B008E009000B9002DF5CAF5CB0120F20F
:10E0F0000000000000000000000000000000000020
:10E10000000000000000000000000000000000000F
:10E1100000000000000000000000000000000000FF
:10E1200000000000000000000000000000000000EF
:10E1300000000000000000000000000000000000DF
:10E1400000000000000000000000000000000000CF
:10E1500000000000000000000000000000000000BF
:10E1600000000000000000000000000000000000AF
:10E17000000000000000000000000000000000009F
:10E18000000000000000000000000000000000008F
:10E19000000000000000000000000000000000007F
:10E1A000000000000000000000000000000000006F
:10E1B000000000000000000000000000000000005F
:10E1C0000000000000000000000000003050982E09
:10E1D000D70E5032982EFA030030F07F002E002E1A
:10E1E000D02E002E018008A2FB2F982EBA03212EDC
:10E1F0001900012EEE0000B2072F012E190000B207
:10E20000032F01500352982E07CC012EDD0000B2DF
:10E21000272F052E8A000552982EC7C1032EE9002C
:10E2200040B2F07F082F012E190000B2042F0030F9
:10E23000212EE900982EB4B1012E180000B2102F43
:10E240000550982E4DC30550982E5AC7982EF9B4F4
:10E25000982E54B2982E67B6982E17B21030212EF1
:10E260007700012EEF0000B2042F982E7AB700300D
:10E27000212EEF00012ED40004AE0B2F012EDD0065
:10E2800000B2072F0552982E8E0E00B2022F1030CA
:10E29000212E7D00012E7D000090902EF102012E96
:10E2A000D70000B2042F982E2F0E0030212E7B00B5
:10E2B000012E7B0000B2122F012ED4000090022FFD
:10E2C000982E1F0E092D982E810D012ED40004903A
:10E2D000022F5032982EFA030030212E7B00012E9F
:10E2E0007C0000B2902E0903012E7C000131010850
:10E2F00000B2042F982E47CB1030212E77008130AA
:10E30000012E7C00010800B2612F032E8900012E2E
:10E31000D40098BC98B805B20F58232F0790095421
:10E320000030372F15410441DCBE44BEDCBA2C015D
:10E3300061000F564A0F0C2FD14294B8C1421130E0
:10E34000052E6AF72CBD2FB980B20822982EC3B7CC
:10E35000212D6130232ED400982EC3B70030212EFA
:10E360005AF5182DE17F5030982EFA030F520750BE
:10E37000504270300D5442427E82E26F80B242427F
:10E38000052F212ED4001030982EC3B7032D6030F6
:10E39000212ED400012ED4000690182F012E7600D5
:10E3A0000B540752E07F982E7AC1E16F081A403073
:10E3B000082F212ED4002030982EAFB75032982E3F
:10E3C000FA03052D982E380E0030212ED40000308F
:10E3D000212E7C00182D012ED40003AA012F982E87
:10E3E000450E012ED4003F8003A2012F002E022DE6
:10E3F000982E5B0E3030982ECEB70030212E7D0047
:10E400005032982EFA03012E770000B2242F982E56
:10E41000F5CB032ED5001154010ABC848386212E2E
:10E42000C901E0401352C4408240A8B9524243BEE1
:10E430005342040A5042E17FF0314140F26F25BD62
:10E440000808020AD07F982EA8CF06BCD16FE26FD1
:10E45000080A8042982E58B70030212EEE00212E57
:10E460007700212EDD00802EF4011A242200802E58
:10E47000EC011050FB7F982EF3035750FB6F0130D7
:10E4800071541142420EFC2FC02E0142F05F802ECB
:10E4900000C1FD2D01000000000000000000000090
:10E4A0009A0134030000000000000000000000009A
:10E4B000000000000000000000000000000000005C
:10E4C000000000000000000000000000000000004C
:10E4D000000000000000000000000000000000003C
:10E4E000000000000000000000000000000000002C
:10E4F000000000000000000000000000000000001C
:10E50000000000000000000000000000000000000B
:10E510000000000000002050E77FF67F06320F2E3B
:10E5200061F5FE09C0B3042F17302F2EEF002D2EFA
:10E5300061F5F66FE76FE05FC82E2050E77FF67F4A
:10E5400046300F2EA4F1BE0980B3062F0D2ED40045
:10E5500084AF022F16302D2E7B0086302D2E60F5D5
:10E56000F66FE76FE05FC82E012E77F709BC0FB892
:10E5700000B21050FB7F10300B2F032E8A0096BC88
:10E580009FB840B2052F032E68F79EBC9FB840B2DB
:10E59000072F032E7E004190012F982EDC03032CC1
:10E5A0000030212E7E00FB6FF05FB82E2050E07F00
:10E5B000FB7F002E2750982E3BC82950982EA7C8C5
:10E5C0000150982E55CCE16F2B50982EE0C9FB6F6F
:10E5D0000030E05F212E7E00B82E7350013057547A
:10E5E0001142420EFC2FB82E212E59F51030C02EAC
:10E5F000212E4AF19050F77FE67FD57FC47FB37F0D
:10E60000A17F907F827F7B7F982E35B700B2902EBE
:10E6100097B0032E8F00072E9100052EB1003FBA50
:10E620009FB8012EB100A3BD4C0A052EB10004BE57
:10E63000BFB9CB0A4FBA22BD012EB300DC0A2FB9F5
:10E64000032EB8000ABE9A0ACFB99BBC012E9700D0
:10E650009FB8930A0FBC910A0FB8900A252E180094
:10E66000052EC1F52EBD2EB9012E190031308A04B8
:10E670000090072F012ED40004A2032F012E1800B2
:10E6800000B20C2F19500552982E4DB7052E780068
:10E6900080901030012F212E7800252EDD00982E3D
:10E6A0003EB700B202300130042F012E190000B233
:10E6B000002F2130012EEA00081A0E2F232EEA0027
:10E6C00033301B500B090140175646BE4B084C0A0D
:10E6D00001420A8015520142002E012E180000B29C
:10E6E0001F2F032EC0F5F030480847AA7430072EBC
:10E6F0007A0061224B1A052F072E66F5BFBDBFB900
:10E70000C0900B2F1D562B30D242DB420104C24277
:10E7100004BDFE808184232E7A0002420232252E1F
:10E7200062F5052ED6008184252ED6000231252ED5
:10E7300060F5052E8A000B50900880B20B2F052E35
:10E74000CAF5F03E9008252ECAF5052E59F5E03F92
:10E750009008252E59F5906FA16FB36FC46FD56FD8
:10E76000E66FF76F7B6F826F705FC82EC050907F2F
:10E77000E57FD47FC37FB17FA27F877FF67F7B7FDA
:10E78000002E012E60F5607F982E35B70230636F42
:10E790001552507F627F5A2C02321A0900B3142F8F
:10E7A00000B2032F092E180000910C2F437F982EE2
:10E7B00097B71F50028A02320430252E64F5155295
:10E7C000506F436F4443252E60F5D908C0B2362FF1
:10E7D000982E3EB700B2062F012E190000B2022F6C
:10E7E000506F00900A2F012E79000090192F1030E1
:10E7F000212E79000030982EDC03132D012EC3F555
:10E800000CBC0FB81230100403B02625215003525F
:10E81000982E4DB71030212EEE000230607F252E4D
:10E820007900606F0090052F0030212EEA0015500E
:10E83000212E64F51552232E60F50232506F0090A0
:10E84000022F0330272E7800072E60F51A09009159
:10E85000A32F19090091A02F906FA26FB16FC36F02
:10E86000D46FE56F7B6FF66F876F405FC82EC05027
:10E87000E77FF67F26300F2E61F52F2E7C000F2EBE
:10E880007C00BE09A27F807F80B3D57FC47FB37F29
:10E89000917F7B7F0B2F23501A251240427F748279
:10E8A0001240527F002E0040607F982E6AD6813041
:10E8B000012E7C00010800B2422F032E8900012E98
:10E8C000890097BC06BC9FB80FB80090232ED800D3
:10E8D000103001302A2F032ED40044B2052F47B246
:10E8E00000302D2F212E7C002B2D032EFDF59EBCFC
:10E8F0009FB84090142F032EFCF599BC9FB8409010
:10E900000E2F032E49F125544A084090082F982EC7
:10E9100035B700B21030032F5030212ED400102D07
:10E92000982EAFB70030212E7C000A2D052E69F7F6
:10E930002DBD2FB980B2012F212E7D00232E7C000A
:10E94000E031212E61F5F66FE76F806FA26FB36F34
:10E95000C46FD56F7B6F916F405FC82E60510A25E1
:10E960003688F47FEB7F0032315232301330982EEC
:10E9700015CB0A253384D27F433005502D52982E73
:10E9800095C1D26F2752982ED7C72A25B086C07F4F
:10E99000D37FAF842950F16F982E4DC82A25AE8AB7
:10E9A000AA88F26E2B50C16FD36FF47F982EB6C831
:10E9B000E06E00B2322F33548386F16FC37F043090
:10E9C0003030F47FD07FB27FE330C56F5640454191
:10E9D000280803140EB408BC8240100A2F542605E0
:10E9E000917F4428A37F982ED9C008B933305309AA
:10E9F000C16FD36FF46F831747406C15B26FBE09B8
:10EA0000750B90424542510E32BC0289A16F7E8641
:10EA1000F47FD07FB27F0430916FD62FEB6FA05E72
:10EA2000B82E032E97001BBC60509FBC0CB8F07F23
:10EA300040B2EB7F2B2F032E7F004140012EC800F8
:10EA4000011A112F3758232EC8001041A07F38819A
:10EA50000141D07FB17F982E64CFD06F0780A16F26
:10EA60001142002EB16F01421130012EFC0000A8AE
:10EA70000330CB224A25012E7F003C8935520554B4
:10EA8000982EC4CEC16FF06F982E95CF042D013013
:10EA9000F06F982E95CFEB6FA05FB82E032EB300CA
:10EAA0000232F030033130508A080808CB08E07F8A
:10EAB00080B2F37FDB7F252F032ECA004190042F05
:10EAC0000130232ECA00982E3F03C0B2052F032E1B
:10EAD000DA0000304104232EDA00982E92B210257D
:10EAE000F06F00B2052F012EDA0002301004212E43
:10EAF000DA0040B2012F232EC801DB6FE06FD05F38
:10EB0000802E95CF0130E06F982E95CF1130232EB7
:10EB1000CA00DB6FD05FB82ED0500A253384555021
:10EB2000D27FE27F038CC07FBB7F0030055A39540F
:10EB30005141A57F967F807F982ED9C00530F57F03
:10EB40002025916F3B583D5C3B56982E67CCC16F9A
:10EB5000D56F52405043C17FD57F1025982EFEC9F6
:10EB60001025982E74C0866F3028926F828CA56F06
:10EB70006F52690E3954DB2F19A01530032F003066
:10EB8000212E81010A2D012E810105284236212ED8
:10EB90008101020E012F982EF303575012300140CD
:10EBA000982EFEC9516F0B5C8E0E3B6F575802308A
:10EBB000212E9501456F2A8DD27FCB7F132F0230F6
:10EBC0003F50D27FA80E0E2FC06F535402005154F5
:10EBD000420E103059520230012F002E032D5042A8
:10EBE00042421230D27F80B2032F0030212E8001AA
:10EBF000122D012EC9000280052E800111309128AE
:10EC00000040252E8001100E052F012E7F0101905E
:10EC1000012F982EF303002EA0410190A67F902E85
:10EC2000E3B4012E950100A8902EE3B45B549580C7
:10EC3000824080B202402D8C3F52967F902EC2B30C
:10EC4000290E762F012EC900004081284552B3308D
:10EC5000982E0FCA5D54807F002EA140727F828063
:10EC60008240607F982EFEC91025982E74C0626F76
:10EC700005308740C0910430052F052E830180B2F6
:10EC80001430002F0430052EC900736F8140E2401C
:10EC90006904110FE1401630FE29CB40022F836F2B
:10ECA000830F222F4756130F1230772F4954420EED
:10ECB0001230732F00910A2F012E8B0119A80230F8
:10ECC0006C2F6350002E17420542682C12300B2522
:10ECD000080F5030022F212E8301032D4030212EAA
:10ECE00083012B2E85015A2C123000912B25042FE5
:10ECF000635002301742172C0242982EFEC910258D
:10ED0000982E74C0052EC90081845B308240372E56
:10ED10008301020E072F5F52403062404140910E46
:10ED2000012F212E830105302B2E85011230362C28
:10ED300016301525817F982EFEC91025982E74C097
:10ED400019A21630152F052E9701806F820E052F00
:10ED5000012E86010628212E86010B2D032E870108
:10ED60005F544E289142002E8240900E012F212E9A
:10ED700088010230132C0530C06F081CA80F163014
:10ED800005305B50092F02802D2E8201054205803F
:10ED9000002E02423E80002E06420230906F3E88D6
:10EDA000014004414C2801420780102524400040C6
:10EDB00000A8F522232944427A827E8843400441F8
:10EDC00000ABF523DF284342D9A0142F0090022F77
:10EDD000D26F81B2052F6354062890428542092CD8
:10EDE00002305B500380292E7E012B2E82010542CA
:10EDF00012302B2E83014582002E40407A8202A0E1
:10EE0000082F63503B30154205423780372E7E0174
:10EE100005421230012EC900028C404084417A8C98
:10EE2000040F032F012E8B0119A4042F2B2E820116
:10EE3000982EF303123081906152082F654265428B
:10EE40004380398482880542454285420543002E2D
:10EE500080410090902EE1B46554C16F804000B2B3
:10EE600043586950442F555CB7878C0F0D2E96017F
:10EE7000C440362F41568B0E2A2F0B52A10E0A2F5B
:10EE8000052E8F011425982EFEC94B54020F695090
:10EE900005306554152F032E8E014D5C8E0F3A2FD1
:10EEA000052E8F01982EFEC94F54820F05306950F0
:10EEB0006554302F6D521530428C454204302B2C56
:10EEC00084436B52428C002E85431530242C4542DE
:10EED0008E0F202F0D2E8E01B10E1C2F232E8E0192
:10EEE0001A2D0E0E172FA10F152F232E8D01132D66
:10EEF000982E74C04354C20E0A2F655004800B3004
:10EF000006820B42798041401230252E8C0101424D
:10EF100005306950655484824384BE8C84408641A8
:10EF200026299442BE8ED57F19A143400B2E8C0119
:10EF30008440C7415D29272945428442C27F012F71
:10EF4000C0B31D2F052E940199A0012F80B3132F5C
:10EF500080B3182FC0B3162F12400140927F982E15
:10EF600074C0926F100F2030032F1030212E7E01BD
:10EF70000A2D212E7E01072D2030212E7E01032D0A
:10EF80001030212E7E01C26F012EC900BC84028088
:10EF900082400040900ED56F022F1530982EF3035B
:10EFA00041910530072F67503D802B2E8F01054280
:10EFB0000480002E0542022C00300030A26F988A97
:10EFC000864080A7052F982EF303C030212E95018F
:10EFD00006251A25E26F768296405643510EFB2F86
:10EFE000BB6F305FB82E012EB8000131410840B22E
:10EFF0002050F2300208FB7F0130102F052ECC008C
:10F000008190E07F032F232ECC00982E55B6982EAA
:10F010001DB51025FB6FE06FE05F802E95CF982E19
:10F0200095CF1030212ECC00FB6FE05FB82E005141
:10F030000558EB7F2A2589526F5A895013410640A3
:10F04000B3011642CB160640F3021342650EF52FAC
:10F05000054014302C29044208A10030902E52B6ED
:10F06000B388B08AB684A47FC47FB57FD57F927FF2
:10F0700073300430554042408A17F3086B01900208
:10F0800053B84B82ADBE717F450A0954847F982ED8
:10F09000D9C0A36F7B54D042A37FF27F607F20252D
:10F0A000716F755A7758795C7556982E67CCB16F29
:10F0B000626F5042B17FB3301025982E0FCA846F13
:10F0C0002029716F926FA56F76826A0E73300030BF
:10F0D000D02FD26FD17FB47F982E2BB715BD0BB830
:10F0E000020AC26FC07F982E2BB715BD0BB8420A1B
:10F0F000C06F081741188916E118D018A17F27257D
:10F100001625982E79C08B54907FB3308240809022
:10F110000D2F7D52926F982E0FCAB26F900E062F50
:10F120008B501430426F516F144212420142002E34
:10F13000316F982E74C0416F807F982E74C0826F9B
:10F1400010044352010F052ECB0000300430212F54
:10F15000516F43588C0E04301C2F8588416F044139
:10F160008C0F0430162F8488002E044104058C0E69
:10F1700004300F2F8288316F044104058C0E043057
:10F18000082F8388002E04418C0F0430022F212E7B
:10F19000AD0114300091142F032EA10141900E2FC8
:10F1A000032EAD0114304C28232EAD0146A0062FAE
:10F1B00081848D5248828240212EA10142425C2CE2
:10F1C0000230052EAA0180B20230552F032EA9016C
:10F1D000926FB330982E0FCAB26F900F003002308A
:10F1E0004A2FA26F875291008552510E022F002E96
:10F1F000432C0230C26F7F52910E02303C2F516F70
:10F200008154982EFEC91025B3302125982E0FCA9F
:10F21000326FC07FB3301225982E0FCA426FB07F75
:10F22000B3301225982E0FCAB26F90288352982EB1
:10F23000FEC9C26F900F003002301D2F052EA101B4
:10F2400080B212300F2F426F032EAB01910E0230AD
:10F25000122F526F032EAC01910F02300C2F212E72
:10F26000AA010A2C1230032ECB008D580889414088
:10F2700011430043252EA101D46F8F5200433A89D8
:10F28000002E10431043610EFB2F032EA001111A14
:10F29000022F0225212EA001EB6F005FB82E9152A4
:10F2A00010300230955652424B0EFC2F8D548882FE
:10F2B000935680425342404242868354C02EC242FB
:10F2C000002EA3520051524047401A25012E9700AC
:10F2D0008FBE7286FB7F0B307CBFA5501008DFBA53
:10F2E0007088F8BFCB42D37F6CBBFCBBC50A907F54
:10F2F0001B7F0B43C0B2E57FB77FA67FC47F902EF4
:10F300001CB7072ED200C0B20B2F9752012ECD0092
:10F31000827F982EBBCC0B30372ED200826F906F3D
:10F320001A2500B28B7F142FA6BD25BDB6B92FB903
:10F3300080B2D4B00C2F99549B560B300B2EB100D9
:10F34000A1589B42DB426C092B2EB1008B42CB4271
:10F35000867F7384A756C30839520550727F637F36
:10F36000982EC2C0E16F626FD10A012ECD00D56F19
:10F37000C46F726F97529D5C982E06CD236F906F6D
:10F380009952C0B204BD5440AFB94540E17F02304C
:10F39000062FC0B20230032F9B5C1230944385438A
:10F3A00003BF6FBB80B3202F066F2601166F6E035D
:10F3B0004542C090292ECE009B52142F9B5C002EFC
:10F3C00093418641E304AE0780AB042F80910A2F5E
:10F3D000866F730F072F836FC0B2042F54424542CC
:10F3E0001230042C1130022C1130113002BC0FB835
:10F3F000D27F00B20A2F012EFC00052EC701101A81
:10F40000022F212EC701032D022C01300130B06FD5
:10F41000982E95CFD16FA06F982E95CFE26F9F5207
:10F42000012ECE00824050420C2C42421130232E3D
:10F43000D2000130B06F982E95CFA06F0130982E7A
:10F4400095CF002EFB6F005FB82E83860130003011
:10F45000944024180600530E4F02F92FB82EA952DB
:10F46000002E604041400DBC98BCC02E010A0FB870
:10F47000AB52533C524040404B00821626B901B873
:10F480004140100897B80108C02E1130010843868A
:10F4900025400440D8BE2C0B2211544203804B0E51
:10F4A000F62FB82E9F501050AD52052ED300FB7F83
:10F4B000002E13409342410EFB2F982EA5B7982E95
:10F4C00087CF012ED90000B2FB6F0B2F012E69F7F9
:10F4D000B13F01080130F05F232ED900212E69F7DA
:10F4E000802E7AB7F05FB82E012EC0F8032EFCF5FF
:10F4F0001554AF5682080B2E69F7CB0AB15880908D
:10F50000DDBE4C085FB959228090072F0334C30831
:10F51000F23A0A080235C0904A0A4822C02E232E29
:10F52000FCF51050FB7F982E56C7982E49C310301B
:10F53000FB6FF05F212ECC00212ECA00B82E032EC7
:10F54000D30016B802344A0C212E2DF5C02E232EDE
:10F55000D30003BC212ED500032ED50040B21030BD
:10F56000212E77000130052F052ED8008090012F25
:10F57000232E6FF5C02E212ED90011308108012EC7
:10F580006AF7713F23BD0108020AC02E212E6AF7D7
:10F5900030250030212E5AF51050212E7B00212ECF
:10F5A0007C00FB7F982EC3B74030212ED400FB6F28
:10F5B000F05F0325802EAFB7802E00C1802E00C1E2
:10F5C000802E00C1802E00C1802E00C1802E00C17F
:10F5D000802E00C1802E00C1802E00C1802E00C16F
:10F5E000802E00C1802E00C1802E00C1802E00C15F
:10F5F000802E00C1012E5DF708BC80AC0EBB022F2F
:10F60000003041048206C0A40030112F40A9032F0E
:10F6100040910D2F00A70B2F80B3B358022F90A15C
:10F620002613202380901030012FCC0E002F0030A5
:10F63000B82EB550180808BC88B60D17C6BD56BC04
:10F64000B758DABA04011D0A1050053032254503B7
:10F65000FB7FF6302125982E37CA16B59ABC06B81E
:10F6600080A8410A0E2F8090022F2D50480F092F9D
:10F67000BFA0042FBF90062FB754CA0F032F002E30
:10F68000022CB7522D52F233982ED9C0FB6FF137AE
:10F69000C02E0108F05FBF56B954D040C4400B2EB5
:10F6A000FDF3BF529042944295420530C1500F88FD
:10F6B000064004419642C54248BE73300D2ED80024
:10F6C0004FBA8442034281B3022F2B2E6FF5062DD1
:10F6D000052E77F7BD569308252E77F7BB54252EB8
:10F6E000C2F5072EFDF34230B433DA0A4C00272E60
:10F6F000FDF34340D43FDC084342002E002E43403C
:10F700002430DC0A43420480032EFDF34A0A232EF0
:10F71000FDF36134C02E0142002E60501A257A8616
:10F72000E07FF37F0325C3524184DB7F3330982E83
:10F7300016C21A257D82F06FE26F32251640944082
:10F74000260185408E17C4426E039542410EF42F68
:10F75000DB6FA05FB82EB051FB7F982EE80D5A25C5
:10F76000982E0F0ECB583287C47F65896B8DC55A92
:10F77000657FE17F837FA67F747FD07FB67F947F94
:10F780001730C752C954517F002E856F427F002E1B
:10F7900051414581424113403B8A00404B04D00611
:10F7A000C0AC857F022F02305104D306418405305E
:10F7B0005D02C916DF08D3008D02AFBCB1B9590A8A
:10F7C000656F1143A1B4524153410143347F657FBA
:10F7D0002631E56FD46F982E37CA326F756F83402C
:10F7E0004241237F127FF63040255125982E37CA9B
:10F7F000146F2005706F256F6907A26F316F0B3092
:10F8000004429B428B425542327F40A9C36F717FB5
:10F810000230D040C37F032F4091152F00A7132F34
:10F8200000A4112F84BD982E79CA556FB754544146
:10F830008200F33F4541CB02F630982E37CA356F30
:10F84000A46F4143032C0043A46F356F1730426F00
:10F85000516F934042820041C3000343517F002E09
:10F86000944041414C02C46FD156630E746F5143B2
:10F87000A57F8A2F092ED80001B3212FCB58906F76
:10F880001341B66FE47F002E914114409241154020
:10F89000172E6FF5B67FD07FCB7F982E000C071503
:10F8A000C26F140B292E6FF5C3A3C18FE46FD06F05
:10F8B000E62F1430052E6FF5140B292E6FF5182D39
:10F8C000CD560432B56F1C0151415241C340B57F42
:10F8D000E47F982E1F0CE46F218700430432CF543D
:10F8E0005A0EEF2F1554092E77F7220B292E77F792
:10F8F000FB6F505EB82E1050012ED40000B2FB7F7B
:10F90000512F01B2482F02B2422F0390562FD752E7
:10F9100079804240818400404242982E930CD95411
:10F92000D750A14098BD82403E82DA0A44408B16EF
:10F93000E3005342002E43409A025242002E4140BF
:10F9400015544A0E3A2F3A8200304140212E850F3D
:10F9500040B20A2F982EB10C982E450E982E5B0EB1
:10F96000FB6FF05F0030802ECEB7DD52D3544242A1
:10F970004F847330DB5283421B306B422330272E7F
:10F98000D700372ED400212ED6007A84172C42427D
:10F990003030212ED400122D21300030232ED400FF
:10F9A000212E7BF70B2D1730982E510CD5500C8241
:10F9B00072302F2ED400252E7BF74042002EFB6F95
:10F9C000F05FB82E70500A253986FB7FE132623035
:10F9D000982EC2C4B556A56FAB08916F4B08DF5681
:10F9E000C46F23094DBA93BC8C0BD16F0B09CB525A
:10F9F000E15E5642AF094DBA23BD940AE56F68BB7C
:10FA0000EB08BDB963BEFB6F5242E30AC02E43420E
:10FA1000905FD150032E25F3134000409BBC9BB454
:10FA200008BDB8B998BCDA0A08B68916C02E190004
:10FA300062021050FB7F982E810D012ED4003130D0
:10FA40000804FB6F0130F05F232ED600212ED70073
:10FA5000B82E012ED700032ED600480E012F802E7F
:10FA60001F0EB82EE350213401428230C132252EC0
:10FA700062F50100223001404A0A0142B82EE354E7
:10FA8000F03B8340D808E552834200308330504237
:10FA9000C432272E64F5940050424042D33F844044
:10FAA0007D82E30840428342B82EDD52003040425E
:10FAB0007C86B952092E700FBF54C442D38654407D
:10FAC000554094428542212ED7004240252EFDF319
:10FAD000C0427E82052E7D0080B2142F052E890043
:10FAE00027BD2FB98090022F212E6FF50C2D072EE8
:10FAF000710F14301C09052E77F7BD5647BE9308C9
:10FB0000940A252E77F7E75450424A0EFC2FB82E60
:10FB1000505002304386E550FB7FE37FD27FC07FA9
:10FB2000B17F002E414000404804982E74C01EAAA8
:10FB3000D36F1430B16FE322C06F5240E46F4C0EAC
:10FB40001242D37FEB2F032E860F40901130032FEC
:10FB5000232E860F022C0030D06FFB6FB05FB82EC3
:10FB60004050F17F0A253C86EB7F41332230982EAE
:10FB7000C2C4D36FF430DC094758C26F9409EB5804
:10FB80006ABBDC08B4B9B1BDE95A950821BDF6BF1E
:10FB9000770B51BEF16FEB6F52425442C02E43427D
:10FBA000C05F5050F55031301142FB7F7B300B422B
:10FBB00011300280233301420300072E8003052EFB
:10FBC000D3002352E27FD37FC07F982EB60ED16F31
:10FBD000080A1A257B86D07F01331230982EC2C4C2
:10FBE000D16F080A00B20D2FE36F012E8003513050
:10FBF000C786232E21F208BCC042982EA5B7002E3E
:10FC0000002ED02EB06F0BB8032E1B00081AB07F49
:10FC10007030042F212E21F2002E002ED02E982E8F
:10FC20006DC0982E5DC0ED50982E44CBEF50982EAD
:10FC300046C3F150982E53C73550982E64CF1030DC
:10FC4000982EDC032026C06F02311242AB330B42E8
:10FC5000378001300142F337F752FB504440A20A8B
:10FC600042428B31092E5EF7F954E30883421B426E
:10FC700023334B00BC840B40333083420B42E07F84
:10FC8000D17F982E58B7D16F803040420330E06F5B
:10FC9000F3540430002E002E0189620EFA2F4342E5
:10FCA0001130FB6FC02E0142B05FC14A00006D579A
:10FCB0000000778E0000E0FFFFFFD3FFFFFFE5FFAE
:10FCC000FFFFEEE1FFFF7C13000046E6FFFF0000B0
:10FCD0000000000000000000000000000000000024
:10FCE0000000000000000000000000000000000014
:10FCF0000000000000000000000000000000000004
:10FD00000000000000000000802E00C1802E00C115
:10FD1000802E00C1802E00C1802E00C1802E00C127
:10FD2000802E00C1802E00C1802E00C1802E00C117
:10FD3000802E00C1802E00C1802E00C1802E00C107
:10FD4000802E00C1802E00C1802E00C1802E00C1F7
:10FD5000802E00C1802E00C1802E00C1802E00C1E7
:10FD6000802E00C1802E00C1802E00C1802E00C1D7
:10FD7000802E00C1802E00C1802E00C1802E00C1C7
:10FD8000802E00C1802E00C1802E00C1802E00C1B7
:10FD9000802E00C1802E00C1802E00C1802E00C1A7
:10FDA000802E00C1802E00C1802E00C1802E00C197
:10FDB000802E00C1802E00C1802E00C1802E00C187
:10FDC000802E00C1802E00C1802E00C1802E00C177
:10FDD000802E00C1802E00C1802E00C1802E00C167
:10FDE000802E00C1802E00C1802E00C1802E00C157
:10FDF000802E00C12F01002401022A01032B0103E0
:10FE00002601042201052C010509010604010C0547
:10FE100002000302041D030006060207060208068C
:10FE2000021306061407000700000800041300066A
:10FE300009000829000C27000E28000E0000000011
:10FE400001000000000000000000000000000000B1
:10FE500000000000000000000000000000000000A2
:10FE60000000000000000000000000000000000092
:10FE700000000000010202030405060708090A0B3E
:10FE80000C0D0E0F10100000000000000000010219
:10FE900003040607080900000000010203043031D2
:10FEA00032333435363738394142434445464030A1
:10FEB0005800303132333435363738396162636453
:10FEC0006566403078000400000800000000000073
:10FED000000200010000100000000000000000000F
:10FEE00030313233343536373839616263646566B0
:10FEF0007870003031323334353637383941424347
:10FF0000444546585000000002400000000000A098
:10FF10000000000005400000000000C800000000D4
:10FF20000C4000000000409C000000001940000050
:10FF30000020BCBE0000000034400000BFC91B8E82
:10FF400000000004B5400000504BCFD06607E2CF60
:10FF5000010000006C4100003E8251AADFEEA73490
:10FF600001000000D9420000DCB5A0E23A301F9742
:10FF7000FFFFFFFFB4450000FD25A0C8E9A3C14F66
:10FF8000FFFFFFFFFF3F00000000008000000000B7
:10FF9000FF3F000000000080000000004C6564543A
:10FFA00061736B00506F7765724F6E4F6666546178
:10FFB000736B000043616E5461736B0008010108AC
:10FFC00000000020C00100006C4100086801010829
:10FFD000C001002030250000C84100081C000000BE
:10FFE00043000000F8FFFFFF0C0000000E000000BF
:10FFF0000F0000002E000000100100004300000070
:020000040801F1
:10000000F8FFFFFF00404040404040404040414139
:1000100041414140404040404040404040404040DD
:100020004040404040050202020202020202020277
:100030000202020202202020202020202020200274
:100040000202020202029090909090901010101004
:1000500010101010101010101010101010101010A0
:100060000202020202028888888888880808080834
:100070000808080808080808080808080808080800
:100080000202020240000000000000000000000028
:100090000000000000000000000000000000000060
:1000A0000000000000000000000000000000000050
:1000B0000000000000000000000000000000000040
:1000C0000000000000000000000000000000000030
:1000D0000000000000000000000000000000000020
:1000E0000000000000000000000000000000000010
:1000F0000000000000000000000000000000000000
:1001000000000000000000000139444002085011C6
:100110000301070206020804131014080440052016
:100120006201E0094C4F4F504241434BC70102036B
:100130000405063DABFD07100717092EF1F2F3F495
:1001400012AB3B094245092B097977D10213020210
:100150001303021304021305B9B9A9D63129C551F5
:080160000361127A1AAA0141A1
:04000005080041317D
:00000001FF
